-- MySQL dump 10.13  Distrib 5.7.16, for Linux (x86_64)
--
-- Host: localhost    Database: BookShareMind
-- ------------------------------------------------------
-- Server version	5.7.16-0ubuntu0.16.04.1

/*!40101 SET @OLD_CHARACTER_SET_CLIENT=@@CHARACTER_SET_CLIENT */;
/*!40101 SET @OLD_CHARACTER_SET_RESULTS=@@CHARACTER_SET_RESULTS */;
/*!40101 SET @OLD_COLLATION_CONNECTION=@@COLLATION_CONNECTION */;
/*!40101 SET NAMES utf8 */;
/*!40103 SET @OLD_TIME_ZONE=@@TIME_ZONE */;
/*!40103 SET TIME_ZONE='+00:00' */;
/*!40014 SET @OLD_UNIQUE_CHECKS=@@UNIQUE_CHECKS, UNIQUE_CHECKS=0 */;
/*!40014 SET @OLD_FOREIGN_KEY_CHECKS=@@FOREIGN_KEY_CHECKS, FOREIGN_KEY_CHECKS=0 */;
/*!40101 SET @OLD_SQL_MODE=@@SQL_MODE, SQL_MODE='NO_AUTO_VALUE_ON_ZERO' */;
/*!40111 SET @OLD_SQL_NOTES=@@SQL_NOTES, SQL_NOTES=0 */;

--
-- Table structure for table `bookinfo`
--

DROP TABLE IF EXISTS `bookinfo`;
/*!40101 SET @saved_cs_client     = @@character_set_client */;
/*!40101 SET character_set_client = utf8 */;
CREATE TABLE `bookinfo` (
  `id` int(11) NOT NULL AUTO_INCREMENT,
  `name` varchar(32) DEFAULT NULL,
  `author` varchar(32) DEFAULT NULL,
  `path` varchar(128) DEFAULT NULL,
  `create_time` datetime DEFAULT CURRENT_TIMESTAMP,
  PRIMARY KEY (`id`),
  UNIQUE KEY `path` (`path`)
) ENGINE=InnoDB AUTO_INCREMENT=32 DEFAULT CHARSET=utf8;
/*!40101 SET character_set_client = @saved_cs_client */;

--
-- Dumping data for table `bookinfo`
--

LOCK TABLES `bookinfo` WRITE;
/*!40000 ALTER TABLE `bookinfo` DISABLE KEYS */;
INSERT INTO `bookinfo` VALUES (17,'易经','姬昌','yijing','2016-11-27 15:36:05'),(18,'道德经','老子','daodejing','2016-12-22 21:57:50'),(19,'金刚经','鸠摩罗什译','jingangjing','2016-11-27 15:37:15'),(20,'庄子','庄周','zhuangzi','2016-11-27 15:38:05'),(21,'论语','孔子','lunyu','2016-11-27 15:38:32'),(22,'孙子兵法','孙武','sunzibingfa','2016-11-27 15:39:16'),(23,'大学','曾参','daxue','2016-11-30 17:06:16'),(24,'楞伽经','求那跋跎罗译','lenggajing','2016-11-30 17:06:31'),(25,'楞严经','般剌密谛译','lengyanjing','2016-11-30 17:06:45'),(26,'心经','鸠摩罗什译','xinjing','2016-12-22 21:57:43'),(27,'三字经','王应麟','sanzijing','2016-11-30 17:07:24'),(28,'儒林外史','吴敬梓','rulinwaishi','2016-11-30 17:07:35'),(29,'秋风词','李白','qiufengci','2016-11-30 17:07:50'),(30,'声声慢','李清照','shengshengman','2016-11-30 17:08:02'),(31,'茅屋为秋风所破歌','杜甫','maowuweiqiufengsuopoge','2016-11-30 17:08:22');
/*!40000 ALTER TABLE `bookinfo` ENABLE KEYS */;
UNLOCK TABLES;

--
-- Table structure for table `bookopinion`
--

DROP TABLE IF EXISTS `bookopinion`;
/*!40101 SET @saved_cs_client     = @@character_set_client */;
/*!40101 SET character_set_client = utf8 */;
CREATE TABLE `bookopinion` (
  `id` bigint(20) NOT NULL AUTO_INCREMENT,
  `book_id` int(11) DEFAULT NULL,
  `position` int(11) DEFAULT NULL,
  `opinion` varchar(256) DEFAULT NULL,
  `chapter` int(11) DEFAULT NULL,
  `create_time` datetime NOT NULL DEFAULT CURRENT_TIMESTAMP,
  `update_time` datetime NOT NULL DEFAULT CURRENT_TIMESTAMP ON UPDATE CURRENT_TIMESTAMP,
  `user` varchar(10) NOT NULL,
  `opinion_hash` int(10) unsigned NOT NULL,
  PRIMARY KEY (`id`),
  KEY `book_id` (`book_id`),
  KEY `user` (`user`),
  CONSTRAINT `bookopinion_ibfk_1` FOREIGN KEY (`book_id`) REFERENCES `bookinfo` (`id`),
  CONSTRAINT `bookopinion_ibfk_2` FOREIGN KEY (`user`) REFERENCES `userinfo` (`id`)
) ENGINE=InnoDB AUTO_INCREMENT=798 DEFAULT CHARSET=utf8;
/*!40101 SET character_set_client = @saved_cs_client */;

--
-- Dumping data for table `bookopinion`
--

LOCK TABLES `bookopinion` WRITE;
/*!40000 ALTER TABLE `bookopinion` DISABLE KEYS */;
INSERT INTO `bookopinion` VALUES (54,18,15,'道可道：道是可以用语言来形容的。',0,'2016-11-27 16:00:57','2016-11-27 16:00:57','0',4196981749),(55,18,19,'非常道：不是平常所说的那种道。',0,'2016-11-27 17:59:15','2016-11-27 17:59:15','0',2239968743),(56,18,23,'名可名：名也是可以用言语来形容的',0,'2016-11-27 18:53:20','2016-11-27 18:53:20','0',3391317376),(57,18,27,'非常名：又不是普通意义上的名',0,'2016-11-27 18:54:27','2016-11-27 18:54:27','0',2968977011),(58,18,18,'道：开篇提出的概念，指自然万物的运行规律。',0,'2016-11-27 18:58:00','2016-11-27 18:58:00','0',498142681),(59,18,27,'道可道，名可名：开篇这一句有不同的解释:可以用言语来表达的道，不是真正意义上的道，可以明确定义的名，不是真正意义上的名。总体来说，老子开篇想提出一种不同的概念，不同与人世间纷争，他讲究无为，效仿自然，这可能跟当时群雄割据的时代背景有关。',0,'2016-11-27 19:55:48','2016-12-21 18:15:25','0',2718075922),(60,18,34,'无名天地之始：天地开始的时候是没有称谓的',0,'2016-11-27 19:58:02','2016-11-27 19:58:02','0',1506634891),(61,18,42,'有名万物之母：名称只是为了给万物归类',0,'2016-11-27 20:00:40','2016-11-27 20:00:40','0',3500563936),(62,18,65,'徼：jiao,第三声，边际，界限。',0,'2016-11-27 20:03:30','2016-11-27 20:03:30','0',3331390823),(63,18,50,'故常无，欲以观其妙：要从无中去体会奥妙。',0,'2016-11-27 20:04:22','2016-11-27 20:04:22','0',3814434364),(64,18,63,'常有，欲以观其徼：通过有去观察事物的形态',0,'2016-11-27 20:05:59','2016-11-27 20:05:59','0',785967812),(65,18,75,'同出而异名：出处相同，只不过名字不一样罢了',0,'2016-11-27 20:07:50','2016-11-27 20:07:50','0',3794147132),(66,18,82,'玄：意义深远',0,'2016-11-27 20:08:27','2016-11-27 20:08:27','0',4142938391),(67,18,85,'玄之又玄：深远又深远',0,'2016-11-27 20:09:29','2016-11-27 20:09:29','0',806070166),(68,18,89,'众妙之门：一切奥妙的法门',0,'2016-11-27 20:10:18','2016-11-27 20:10:18','0',1789618264),(69,18,111,'斯恶已：因为有不好的东西存在',0,'2016-11-27 20:11:02','2016-11-27 20:11:02','0',370367124),(70,18,103,'皆：都',0,'2016-11-27 20:11:23','2016-11-27 20:11:23','0',239938921),(71,18,129,'有无相生。。。：此一段列出若干相对的概念，说明任何事情都有两面性',0,'2016-11-27 20:13:52','2016-11-27 20:13:52','0',2931243004),(72,18,175,'行不言之教：不用绝对的言论去教导别人',0,'2016-11-27 20:16:08','2016-11-27 20:16:08','0',210342699),(73,18,181,'作：发展',0,'2016-11-27 20:17:06','2016-11-27 20:17:06','0',4075929713),(74,18,183,'弗：不',0,'2016-11-27 20:17:22','2016-11-27 20:17:22','0',3434657155),(75,18,183,'始：干涉',0,'2016-11-27 20:17:37','2016-11-27 20:17:37','0',631223271),(76,18,187,'生而弗有：生养万物但不占有',0,'2016-11-27 20:18:37','2016-11-27 20:18:37','0',1146532433),(77,18,193,'为而弗恃：竭尽全力而不自恃己能',0,'2016-11-27 20:20:34','2016-11-27 20:20:34','0',3899443029),(78,18,200,'居：局功',0,'2016-11-27 20:21:06','2016-11-27 20:21:06','0',2451997888),(79,18,202,'夫唯：正因为',0,'2016-11-27 20:21:37','2016-11-27 20:21:37','0',2013341530),(80,18,207,'是以：所以',0,'2016-11-27 20:21:56','2016-11-27 20:21:56','0',3533599848),(81,18,209,'不去：不失去',0,'2016-11-27 20:22:07','2016-11-27 20:22:07','0',548264388),(82,18,241,'不见可欲：不见到可以引起欲望的东西',0,'2016-11-27 20:23:13','2016-11-27 20:23:13','0',3499461004),(83,18,261,'虚其心：使民众心中不想太多的东西',0,'2016-11-27 20:24:23','2016-11-27 20:24:23','0',3421930094),(84,18,265,'实其腹：使民众不挨饿',0,'2016-11-27 20:25:06','2016-11-27 20:25:06','0',3522472270),(85,18,269,'弱其志：削弱他们的斗志',0,'2016-11-27 20:25:49','2016-11-27 20:25:49','0',3735535600),(86,18,273,'强其骨：但又提倡强身健体',0,'2016-11-27 20:26:45','2016-11-27 20:26:45','0',1547968161),(87,18,277,'常使民无知无欲：使民众没有太多的诉求和欲望',0,'2016-11-27 20:27:51','2016-11-27 20:27:51','0',3930872344),(88,18,288,'使夫智者不敢为也：使自作聪明的人不敢胡作非为',0,'2016-11-27 20:29:09','2016-11-27 20:29:09','0',901160985),(89,18,295,'为无为：执行无为的管理',0,'2016-11-27 20:30:03','2016-11-27 20:30:03','0',1477101632),(90,18,298,'则无不治：那就没有治理不好的国家',0,'2016-11-27 20:30:46','2016-11-27 20:30:46','0',2243101363),(91,18,310,'道冲：道就像一个器皿中的空虚，。冲，器皿空虚',0,'2016-11-27 20:32:57','2016-11-27 20:32:57','0',3212296933),(92,18,316,'用之或不盈：永远取之不尽',0,'2016-11-27 20:34:10','2016-11-27 20:34:10','0',3041085134),(93,18,320,'渊兮：深远啊',0,'2016-11-27 20:34:36','2016-11-27 20:34:36','0',2811992084),(94,18,325,'似万物之宗：它就像万物的根源',0,'2016-11-27 20:35:03','2016-11-27 20:35:03','0',404160753),(95,18,329,'湛兮：精妙啊',0,'2016-11-27 20:35:38','2016-11-27 20:35:38','0',655458441),(96,18,332,'似或存：好像无处不在',0,'2016-11-27 20:36:12','2016-11-27 20:36:12','0',3579225084),(97,18,339,'吾不知谁之子：我不知道它从哪里来',0,'2016-11-27 20:36:45','2016-11-27 20:36:45','0',3298661867),(98,18,345,'象帝之先：好像比上帝还久远',0,'2016-11-27 20:37:18','2016-11-27 20:37:18','0',1307478210),(99,18,357,'天地不仁：天地是没有私心与仁爱的',0,'2016-11-27 20:38:18','2016-11-27 20:38:18','0',1868120228),(100,18,363,'以万物为刍狗：对待万物就像和刍狗一样。 刍，chu,第二声。 刍狗:草扎成的狗，古代用于祭祀，祭祀完毕则烧掉，比喻没用的东西。',0,'2016-11-27 20:43:24','2016-11-27 20:43:24','0',3074902459),(101,18,389,'橐龠：tuo2 yue4,古代鼓风吹火用的东西。',0,'2016-11-27 20:46:02','2016-11-27 20:46:02','0',2176163911),(102,18,394,'虚而不屈：它是空虚的，但是又无穷无尽',0,'2016-11-27 20:47:03','2016-11-27 20:47:03','0',120763044),(103,18,398,'动而愈出：越动吹出的气越多',0,'2016-11-27 20:47:52','2016-11-27 20:47:52','0',1133126356),(104,18,406,'多言数穷：一指，多闻数穷，见识多反而容易无路可走。',0,'2016-11-27 20:49:52','2016-11-27 20:49:52','0',3619511768),(105,18,410,'守中：保持内心的空虚',0,'2016-11-27 20:50:09','2016-11-27 20:50:09','0',2554712658),(106,18,429,'牝:pin4 ，原意为雌性动物，此处做源泉解',0,'2016-11-29 16:15:05','2016-11-29 16:15:05','0',4152626877),(107,18,421,'谷神不死：道像山谷一样空虚又神奇，它永恒不衰竭。',0,'2016-11-29 16:17:03','2016-11-29 16:17:03','0',1522676414),(108,18,428,'是谓玄牝：这就叫作一切深奥的源泉。',0,'2016-11-29 16:17:46','2016-11-29 16:17:46','0',2021182888),(109,18,440,'根：根本',0,'2016-11-29 16:18:22','2016-11-29 16:18:22','0',255213218),(110,18,450,'勤：穷尽',0,'2016-11-29 16:19:06','2016-11-29 16:19:06','0',2014436731),(111,18,474,'以：因为',0,'2016-11-29 16:20:51','2016-11-29 16:20:51','0',679797089),(112,18,477,'自生：为了自己而生存',0,'2016-11-29 16:21:21','2016-11-29 16:21:21','0',584021882),(113,18,488,'是以：因此',0,'2016-11-29 16:21:52','2016-11-29 16:21:52','0',2248358965),(114,18,494,'后其身而身先：行为谦让而获得尊敬',0,'2016-11-29 16:25:02','2016-11-29 16:25:02','0',2683863342),(115,18,501,'外其身而身存：置身事外反而让人们依赖他',0,'2016-11-29 16:26:41','2016-11-29 16:26:41','0',3630981746),(116,18,505,'非：难道不是',0,'2016-11-29 16:35:10','2016-11-29 16:35:10','0',3464501194),(117,18,514,'故能成其私：因而能成就自身',0,'2016-11-29 16:36:13','2016-11-29 16:36:13','0',2742493980),(118,18,525,'上善若水：最好的善就像水一样',0,'2016-11-29 16:37:10','2016-11-29 16:37:10','0',2691006113),(119,18,531,'水善：水的善之处在于',0,'2016-11-29 16:38:19','2016-11-29 16:38:19','0',2732183934),(120,18,535,'利万物而不争：滋润万物而不争功',0,'2016-11-29 16:39:28','2016-11-29 16:39:28','0',920011673),(121,18,542,'处众人之所恶：停留在众人不喜欢的地方',0,'2016-11-29 16:40:25','2016-11-29 16:40:25','0',710940942),(122,18,548,'几于道：最接近与道',0,'2016-11-29 16:41:08','2016-11-29 16:41:08','0',2976058657),(123,18,554,'居善地:起居善于选择地方',0,'2016-11-29 16:42:52','2016-11-29 16:42:52','0',3736256033),(124,18,558,'心善渊：心胸善于保持宽广',0,'2016-11-29 16:43:50','2016-11-29 16:43:50','0',3888718989),(125,18,562,'与善仁：为人仁慈',0,'2016-11-29 16:44:24','2016-11-29 16:44:24','0',2772837970),(126,18,566,'言善信：言辞守信',0,'2016-11-29 16:45:40','2016-11-29 16:45:40','0',1204834225),(127,18,570,'政善治：治理国家有方',0,'2016-11-29 16:46:17','2016-11-29 16:46:17','0',749744083),(128,18,574,'事善能：处理事情有才能',0,'2016-11-29 16:47:41','2016-11-29 16:47:41','0',1350713857),(129,18,578,'动善时：行动善于把握时机',0,'2016-11-29 16:48:47','2016-11-29 16:48:47','0',439289106),(130,18,582,'夫唯不争：只有像水一样不争',0,'2016-11-29 16:49:50','2016-11-29 16:49:50','0',2897163714),(131,18,588,'无尤：无忧虑',0,'2016-11-29 16:50:18','2016-11-29 16:50:18','0',880777332),(133,18,599,'持而盈之：过分的拥有。持:保持，拥有。 盈:满了的意思',0,'2016-11-30 21:46:24','2016-11-30 21:46:24','0',3820395055),(134,18,603,'不如其已：不如适可而止',0,'2016-11-30 21:46:45','2016-11-30 21:46:45','0',3772302511),(135,18,610,'揣而锐之：把铁器磨的锋利。',0,'2016-11-30 21:50:05','2016-11-30 21:50:05','0',627316035),(136,18,609,'揣：锤击',0,'2016-11-30 21:50:30','2016-11-30 21:50:30','0',100239175),(137,18,617,'长保：长久保持',0,'2016-11-30 21:50:55','2016-11-30 21:50:55','0',2687912794),(138,18,629,'莫之能守：不知谁人能守',0,'2016-11-30 21:52:21','2016-11-30 21:52:21','0',479722858),(139,18,640,'自遗其咎：自找麻烦',0,'2016-11-30 21:52:52','2016-11-30 21:52:52','0',769151947),(140,18,664,'载营魄抱一：精神和形体合一',0,'2016-11-30 21:54:05','2016-11-30 21:54:05','0',2131802235),(141,18,670,'能无离乎：能永远不分离吗',0,'2016-11-30 21:55:26','2016-11-30 21:55:26','0',4189155814),(142,18,676,'专气致柔：聚集精气以达到柔和',0,'2016-11-30 21:56:42','2016-11-30 21:56:42','0',1949774841),(143,18,682,'能如婴儿乎：能像婴儿一样吗',0,'2016-11-30 21:57:10','2016-11-30 21:57:10','0',499041575),(144,18,690,'涤除玄鉴：洗涤心灵之镜',0,'2016-11-30 21:59:21','2016-11-30 21:59:21','0',1584598288),(145,18,694,'能如疵乎：能没有瑕疵吗',0,'2016-11-30 22:00:16','2016-11-30 22:00:16','0',1644428515),(146,18,714,'天门开阖：感官自然开启',0,'2016-11-30 22:01:46','2016-11-30 22:01:46','0',908998863),(147,18,719,'能为雌乎：能不被引诱吗',0,'2016-11-30 22:02:07','2016-11-30 22:02:07','0',1441511527),(148,18,744,'辐：车轮的辐条',0,'2016-11-30 22:03:18','2016-11-30 22:03:18','0',3991544171),(149,18,748,'毂：gu3,车轮中心的圆圈',0,'2016-11-30 22:05:11','2016-11-30 22:05:11','0',3414479285),(150,18,751,'当其无：正因为它是空的',0,'2016-11-30 22:06:17','2016-11-30 22:06:17','0',153516795),(151,18,756,'有车之用：车才能行走',0,'2016-11-30 22:06:39','2016-11-30 22:06:39','0',2121199149),(152,18,763,'埏埴以为器：燃烧黏土使之成为器皿',0,'2016-11-30 22:07:39','2016-11-30 22:07:39','0',1733779227),(153,18,762,'埏埴：shan1 zhi2',0,'2016-11-30 22:08:32','2016-11-30 22:08:32','0',2715183173),(154,18,769,'当其无：正是因为中间是空的',0,'2016-11-30 22:09:03','2016-11-30 22:09:03','0',3946939621),(155,18,773,'有器之用：器皿才有用',0,'2016-11-30 22:09:19','2016-11-30 22:09:19','0',1921835511),(156,18,780,'凿户牖：开凿门窗。',0,'2016-11-30 22:10:09','2016-11-30 22:10:09','0',3963897200),(157,18,781,'牖：you3,窗户',0,'2016-11-30 22:10:37','2016-11-30 22:10:37','0',1836046774),(158,18,782,'以为室：建造房子',0,'2016-11-30 22:11:07','2016-11-30 22:11:07','0',1422427531),(159,18,799,'故有之以为利：有形的东西之所以能被利用',0,'2016-11-30 22:12:16','2016-11-30 22:12:16','0',2823355842),(160,18,805,'无之以为用：看不见的无形在起作用',0,'2016-11-30 22:12:58','2016-11-30 22:12:58','0',2297393202),(161,18,856,'行妨：图谋不轨',0,'2016-11-30 22:14:22','2016-11-30 22:14:22','0',1928169264),(162,18,867,'为腹不为目：只追求填饱肚子而不追求声色之欢娱',0,'2016-11-30 22:16:18','2016-11-30 22:16:18','0',1589695847),(163,18,874,'故去彼取此：懂得取舍',0,'2016-11-30 22:17:32','2016-11-30 22:17:32','0',279227668),(164,18,892,'贵大患若身：把宠辱这样的大患看得和生命一样重要',0,'2016-11-30 22:19:53','2016-11-30 22:19:53','0',3180632369),(165,18,907,'宠为下：宠爱是卑下的',0,'2016-11-30 22:20:34','2016-11-30 22:20:34','0',513905077),(166,18,892,'患：忧虑，焦灼',0,'2016-11-30 22:22:34','2016-11-30 22:22:34','0',317195263),(167,18,965,'贵以身为天下：重视自身为天下的人',0,'2016-11-30 22:23:33','2016-11-30 22:23:33','0',1179433051),(168,18,976,'爱以身爱惜自己的身体：',0,'2016-11-30 22:23:59','2016-11-30 22:23:59','0',709458407),(169,18,971,'若可寄天下：才可以把天下寄托给他',0,'2016-11-30 22:24:38','2016-11-30 22:24:38','0',1449559339),(170,18,998,'视之不见：看它看不到',0,'2016-11-30 22:25:49','2016-11-30 22:25:49','0',2582195310),(171,18,1003,'名曰夷：就叫夷',0,'2016-11-30 22:26:17','2016-11-30 22:26:17','0',3177575689),(172,18,1014,'搏：触摸',0,'2016-11-30 22:26:45','2016-11-30 22:26:45','0',1838536536),(173,18,1029,'致诘：考究',0,'2016-11-30 22:27:13','2016-11-30 22:27:13','0',26094853),(174,18,1034,'故混而为一：原本就是浑然天成的',0,'2016-11-30 22:27:44','2016-11-30 22:27:44','0',2565979576),(175,18,1040,'皦：jiao3,明亮',0,'2016-11-30 22:28:46','2016-11-30 22:28:46','0',3329941362),(176,18,1045,'昧：昏暗',0,'2016-11-30 22:29:01','2016-11-30 22:29:01','0',129515320),(177,18,1050,'绳绳兮不可名：无头无绪，延绵不绝却又不可名状',0,'2016-11-30 22:30:38','2016-11-30 22:30:38','0',4255691215),(178,18,1055,'复归于无物：一切都回归到无形的状态',0,'2016-11-30 22:31:44','2016-11-30 22:31:44','0',3719760274),(179,18,1063,'无状之状：没有形状的形状',0,'2016-11-30 22:32:24','2016-11-30 22:32:24','0',1527973875),(180,18,1068,'无物之象：不见形体的形象',0,'2016-11-30 22:33:24','2016-11-30 22:33:24','0',3746538230),(181,18,996,'此段描述了道是无形的，呼应了前文玄之又玄',0,'2016-11-30 22:34:42','2016-11-30 22:34:42','0',1570251607),(182,18,1094,'执古之道：用远古就存在的道',0,'2016-11-30 22:36:02','2016-11-30 22:36:02','0',1884659166),(183,18,1099,'以御今之有：来驾驭现实存在的具体事物',0,'2016-11-30 22:36:37','2016-11-30 22:36:37','0',3630016578),(184,18,1105,'能知古始：能认识了解宇宙的初始',0,'2016-11-30 22:37:10','2016-11-30 22:37:10','0',624688631),(185,18,1110,'是谓道纪：就叫做认识道的规律',0,'2016-11-30 22:37:49','2016-11-30 22:37:49','0',2752777786),(186,18,1135,'深不可识：不是一般人可以理解的',0,'2016-11-30 22:38:44','2016-11-30 22:38:44','0',2208400731),(187,18,1146,'故强为之容：所有勉强这样来形容吧',0,'2016-11-30 22:39:15','2016-11-30 22:39:15','0',1025277325),(188,18,1155,'豫兮若冬涉川：他小心谨慎啊，就像冬天踩着冰过河',0,'2016-11-30 22:40:08','2016-11-30 22:40:08','0',3192389490),(189,18,1164,'犹兮若畏四邻：他警觉戒备啊，就像邻国要进攻他',0,'2016-11-30 22:40:53','2016-11-30 22:40:53','0',3298447697),(190,18,1172,'俨兮其若客：他恭敬郑重啊，就像做客一样',0,'2016-11-30 22:41:41','2016-11-30 22:41:41','0',3452482323),(191,18,1181,'涣兮其若凌释：他行为洒脱啊，就像冰块慢慢消融',0,'2016-11-30 22:42:31','2016-11-30 22:42:31','0',3643608901),(192,18,1189,'敦兮其若朴：淳朴厚道就像没有经过加工的材料',0,'2016-11-30 22:43:00','2016-11-30 22:43:00','0',416114798),(193,18,1197,'旷兮其若谷：心胸宽广如山谷',0,'2016-11-30 22:43:33','2016-11-30 22:43:33','0',3023932755),(194,18,1205,'混兮其若浊：混厚宽容如浊水',0,'2016-11-30 22:44:23','2016-11-30 22:44:23','0',736404999),(195,18,1264,'故能蔽而新成：摒弃陈旧获得更新',0,'2016-11-30 22:47:31','2016-11-30 22:47:31','0',3177489753),(196,18,1229,'孰能浊以静之徐清：如何能将混杂的观念止住，保持安静慢慢就好了',0,'2016-11-30 22:49:56','2016-11-30 22:49:56','0',861893676),(197,18,1241,'安以动之徐生：要长久保持虚静，就需要领悟静极生动的奥秘',0,'2016-11-30 22:53:33','2016-11-30 22:53:33','0',2025159138),(198,18,1254,'欲盈：骄傲自满',0,'2016-11-30 22:54:07','2016-11-30 22:54:07','0',1531059255),(200,18,1277,'致虚极：心灵到达虚无至极的境界',0,'2016-12-03 21:10:56','2016-12-03 21:10:56','0',2527773507),(201,18,1281,'守静笃：安守宁静，坚持不变',0,'2016-12-03 21:12:07','2016-12-03 21:12:07','0',2444346250),(202,18,1283,'笃：du3，不变，坚定',0,'2016-12-03 21:14:17','2016-12-03 21:14:17','0',2840062195),(203,18,1288,'万物并作：万物蓬勃发展',0,'2016-12-03 21:15:04','2016-12-03 21:15:04','0',374455545),(204,18,1293,'吾以观复：我才能观察自然循环往复的道理',0,'2016-12-03 21:15:50','2016-12-03 21:15:50','0',4192464522),(205,18,1316,'复命：复归生命',0,'2016-12-03 21:17:56','2016-12-03 21:17:56','0',663876531),(206,18,1322,'常：自然',0,'2016-12-03 21:18:13','2016-12-03 21:18:13','0',4137927651),(207,18,1327,'明：明理',0,'2016-12-03 21:18:37','2016-12-03 21:18:37','0',2647773704),(208,18,1334,'妄作凶：妄自非为会带来灾害',0,'2016-12-03 21:19:32','2016-12-03 21:19:32','0',3928706057),(209,18,1341,'容：包容',0,'2016-12-03 21:20:08','2016-12-03 21:20:08','0',2423078437),(210,18,1345,'公：公正',0,'2016-12-03 21:20:25','2016-12-03 21:20:25','0',4034193983),(211,18,1350,'全：周全',0,'2016-12-03 21:21:06','2016-12-03 21:21:06','0',726934827),(212,18,1353,'天：自然',0,'2016-12-03 21:21:29','2016-12-03 21:21:29','0',2586017593),(213,18,1364,'没身不殆：终身不遭到危险。',0,'2016-12-03 21:22:32','2016-12-03 21:22:32','0',3427822406),(214,18,1377,'太上：最好的统治',0,'2016-12-03 21:23:08','2016-12-03 21:23:08','0',2426916864),(215,18,1380,'不知有之：人民不知道他的存在',0,'2016-12-03 21:23:36','2016-12-03 21:23:36','0',852954728),(216,18,1389,'亲而誉之：亲近并且爱戴他',0,'2016-12-03 21:24:10','2016-12-03 21:24:10','0',3488604034),(217,18,1401,'侮之：轻蔑他',0,'2016-12-03 21:24:55','2016-12-03 21:24:55','0',4147242106),(218,18,1408,'信不足焉:君主的信仰不足',0,'2016-12-03 21:26:04','2016-12-03 21:26:04','0',18782940),(219,18,1413,'有不信焉：人民才不相信他',0,'2016-12-03 21:26:32','2016-12-03 21:26:32','0',1003065411),(220,18,1418,'悠兮其贵：悠闲自在的样子，不随便发号施令',0,'2016-12-03 21:28:08','2016-12-03 21:28:08','0',19318135),(221,18,1436,'我自然：我们本来就是这样的',0,'2016-12-03 21:28:41','2016-12-03 21:28:41','0',4148211018),(222,18,1447,'大道废：大道废除了',0,'2016-12-03 21:29:07','2016-12-03 21:29:07','0',4111124980),(223,18,1451,'有仁义：才有仁义',0,'2016-12-03 21:29:34','2016-12-03 21:29:34','0',2972441729),(224,18,1456,'智慧出：聪明智巧出现了',0,'2016-12-03 21:30:32','2016-12-03 21:30:32','0',701337902),(225,18,1459,'有大伪：就有了虚伪',0,'2016-12-03 21:31:11','2016-12-03 21:31:11','0',2564977724),(226,18,1489,'绝圣弃智：不崇尚声明抛弃智巧',0,'2016-12-03 21:33:11','2016-12-03 21:33:11','0',805223158),(227,18,1495,'民利百倍：人民会获得百倍的利益',0,'2016-12-03 21:33:42','2016-12-03 21:33:42','0',3736105889),(228,18,1520,'此三者：指智巧，仁义，利益',0,'2016-12-03 21:35:38','2016-12-03 21:35:38','0',2706430692),(229,18,1522,'以为文：作为社会的法则',0,'2016-12-03 21:36:04','2016-12-03 21:36:04','0',2645775184),(230,18,1526,'不足：不足以治理国家的',0,'2016-12-03 21:36:32','2016-12-03 21:36:32','0',488063536),(231,18,1530,'故令有所属：要让人民的思想有归属',0,'2016-12-03 21:37:34','2016-12-03 21:37:34','0',4135652021),(232,18,1536,'见素抱朴：保持淳朴的心态',0,'2016-12-03 21:38:08','2016-12-03 21:38:08','0',1818286618),(233,18,1546,'绝学无忧：少学机巧，无忧无虑',0,'2016-12-03 21:39:50','2016-12-03 21:39:50','0',3306097415),(234,18,1541,'少思寡欲：少猜忌，少些占有欲望',0,'2016-12-03 21:41:11','2016-12-03 21:41:11','0',2975109045),(235,18,1559,'唯之与阿：真理与谬误',0,'2016-12-03 21:43:43','2016-12-03 21:43:43','0',810878472),(236,18,1564,'相去几何：相差多少',0,'2016-12-03 21:44:00','2016-12-03 21:44:00','0',3141653570),(237,18,1580,'人之所畏：人们所敬畏追求的',0,'2016-12-03 21:48:12','2016-12-03 21:48:12','0',1081798215),(238,18,1584,'不可不畏：不可以说不值得敬畏',0,'2016-12-03 21:48:48','2016-12-03 21:48:48','0',921648130),(239,18,1590,'荒兮：荒凉啊',0,'2016-12-03 21:49:33','2016-12-03 21:49:33','0',2387385429),(240,18,1594,'其未央哉：好像没有尽头的样子',0,'2016-12-03 21:49:53','2016-12-03 21:49:53','0',3705888034),(241,18,1606,'如享太牢：就好像去参加盛大的宴会',0,'2016-12-03 21:50:32','2016-12-03 21:50:32','0',2025891168),(242,18,1611,'如春登台：就像春天里登台望远',0,'2016-12-03 21:51:08','2016-12-03 21:51:08','0',669832784),(243,18,1618,'泊：淡泊名利',0,'2016-12-03 21:51:34','2016-12-03 21:51:34','0',4249514114),(244,18,1623,'兆：开窍',0,'2016-12-03 21:52:08','2016-12-03 21:52:08','0',2089501288),(245,18,1636,'婴儿之未孩：婴儿还不会嬉笑',0,'2016-12-03 21:53:07','2016-12-03 21:53:07','0',1222942828),(246,18,1641,'累累兮:四出漂泊啊',0,'2016-12-03 21:54:16','2016-12-03 21:54:16','0',2327389535),(247,18,1646,'若无所归：好像没有归宿的浪子',0,'2016-12-03 21:54:45','2016-12-03 21:54:45','0',3209975681),(248,18,1653,'众人皆有馀：众人都很富余',0,'2016-12-03 21:55:30','2016-12-03 21:55:30','0',86018457),(249,18,1660,'而我独若遗：而我却一无所有',0,'2016-12-03 21:55:50','2016-12-03 21:55:50','0',4048088934),(250,18,1667,'愚人之心也哉：有一颗愚人的心',0,'2016-12-03 21:56:22','2016-12-03 21:56:22','0',3057852139),(251,18,1676,'昭昭：聪明，明白事理',0,'2016-12-03 21:57:05','2016-12-03 21:57:05','0',522933658),(252,18,1681,'昏昏：混混沉沉',0,'2016-12-03 21:57:35','2016-12-03 21:57:35','0',2614681705),(253,18,1688,'察察：精明能干',0,'2016-12-03 21:57:58','2016-12-03 21:57:58','0',2143976087),(254,18,1693,'闷闷：蒙在鼓里',0,'2016-12-03 21:58:40','2016-12-03 21:58:40','0',3463423405),(255,18,1701,'有以：有远大的理想',0,'2016-12-03 21:59:16','2016-12-03 21:59:16','0',1446470847),(256,18,1707,'顽且鄙：冥顽不灵，孤陋寡闻',0,'2016-12-03 22:00:07','2016-12-03 22:00:07','0',2856720559),(257,18,1715,'我独异于人：我与众人不同',0,'2016-12-03 22:01:01','2016-12-03 22:01:01','0',599527263),(258,18,1720,'而贵食母：而去推崇道，并从中获取养分',0,'2016-12-03 22:01:52','2016-12-03 22:01:52','0',3307648340),(259,18,1734,'孔德之容：大德的形态',0,'2016-12-03 22:02:50','2016-12-03 22:02:50','0',2524644250),(260,18,1739,'惟道是从：是由道决定的',0,'2016-12-03 22:03:18','2016-12-03 22:03:18','0',808292919),(261,18,1776,'窈兮冥兮：深远暗昧啊',0,'2016-12-03 22:05:08','2016-12-03 22:05:08','0',892318422),(262,18,1809,'众甫：万物的规律',0,'2016-12-03 22:06:15','2016-12-03 22:06:15','0',2498255718),(263,18,1807,'阅：观察',0,'2016-12-03 22:06:52','2016-12-03 22:06:52','0',2067337603),(264,18,1834,'曲则全：弯曲才能保全',0,'2016-12-03 22:07:37','2016-12-03 22:07:37','0',3762792912),(265,18,1842,'洼则盈：身处低洼才能获得盈满',0,'2016-12-03 22:09:07','2016-12-03 22:09:07','0',2628352603),(266,18,1846,'敝则新：鄙弃旧念才能退陈出新',0,'2016-12-03 22:10:05','2016-12-03 22:10:05','0',568190835),(267,18,1864,'抱一：以此为道',0,'2016-12-03 22:11:16','2016-12-03 22:11:16','0',745708452),(268,18,1868,'天下式：天下的榜样',0,'2016-12-03 22:11:39','2016-12-03 22:11:39','0',603799783),(269,18,1872,'不自见：不自持己见',0,'2016-12-03 22:12:15','2016-12-03 22:12:15','0',150751649),(270,18,1882,'彰：彰显',0,'2016-12-03 22:12:40','2016-12-03 22:12:40','0',367432719),(271,18,1886,'自伐：自我夸耀',0,'2016-12-03 22:13:26','2016-12-03 22:13:26','0',2699590363),(272,18,1931,'诚全而归之：是实实在在并且能做到的',0,'2016-12-03 22:14:32','2016-12-03 22:14:32','0',3104549502),(273,18,1946,'希言自然：少发政令是合乎自然的',0,'2016-12-03 22:15:20','2016-12-03 22:15:20','0',3193950809),(274,18,1954,'故飘风不终朝：所有狂风刮不了一个早晨',0,'2016-12-03 22:15:58','2016-12-03 22:15:58','0',1440828776),(275,18,1966,'孰为此者：谁使它这样呢',0,'2016-12-03 22:16:40','2016-12-03 22:16:40','0',1322008142),(276,18,2066,'企者不立：踮起脚的人站不稳',0,'2016-12-03 22:20:27','2016-12-03 22:20:27','0',1153903357),(277,18,2071,'跨者不行：大步前进不能走远',0,'2016-12-03 22:20:50','2016-12-03 22:20:50','0',602107766),(278,18,2102,'其在道也：从道的角度看',0,'2016-12-03 22:22:06','2016-12-03 22:22:06','0',931158528),(279,18,2108,'曰：馀食赘形：只能说是剩饭累赘',0,'2016-12-03 22:22:34','2016-12-03 22:22:34','0',2194128217),(280,18,2114,'物或恶之：这些令人厌恶的东西',0,'2016-12-03 22:23:20','2016-12-03 22:23:20','0',2512350963),(281,18,2152,'改：永恒不变',0,'2016-12-03 22:24:09','2016-12-03 22:24:09','0',1853937591),(282,18,2188,'逝：过去与未来',0,'2016-12-03 22:25:35','2016-12-03 22:25:35','0',4171330921),(283,18,2192,'远：深远',0,'2016-12-03 22:25:51','2016-12-03 22:25:51','0',4159118495),(284,18,2196,'远曰反：返本归元',0,'2016-12-03 22:26:36','2016-12-03 22:26:36','0',123243112),(285,18,2230,'法：效法，遵循',0,'2016-12-03 22:27:49','2016-12-03 22:27:49','0',615393829),(286,18,2256,'重为轻根：稳重是轻浮的根本',0,'2016-12-03 22:29:10','2016-12-03 22:29:10','0',3150339765),(287,18,2262,'静为躁君：宁静是狂燥的主宰',0,'2016-12-03 22:30:07','2016-12-03 22:30:07','0',3249907446),(288,18,2281,'虽有荣观：虽有美食胜地吸引他',0,'2016-12-03 22:31:14','2016-12-03 22:31:14','0',66960552),(289,18,2299,'而以身轻天下：用轻率来治理天下',0,'2016-12-03 22:32:11','2016-12-03 22:32:11','0',1737778491),(290,18,2341,'筹策：筹码工具',0,'2016-12-03 22:33:22','2016-12-03 22:33:22','0',4039736693),(291,18,2347,'无关楗而不：没有门闩也无法打开',0,'2016-12-03 22:34:09','2016-12-03 22:34:09','0',1553035465),(292,18,2392,'袭明：传承大道',0,'2016-12-03 22:35:05','2016-12-03 22:35:05','0',2603403561),(293,18,2415,'资：借鉴',0,'2016-12-03 22:35:57','2016-12-03 22:35:57','0',1226971274),(294,18,2418,'贵：尊重',0,'2016-12-03 22:36:35','2016-12-03 22:36:35','0',150836449),(295,18,2429,'虽智：虽然自以为聪明',0,'2016-12-03 22:36:57','2016-12-03 23:39:44','0',3033192631),(296,18,2429,'大迷：大大的糊涂',0,'2016-12-03 22:37:37','2016-12-03 22:37:37','0',1827431784),(297,18,2447,'知其雄：知道什么是刚强',0,'2016-12-03 22:38:35','2016-12-03 22:38:35','0',3949332086),(298,18,2451,'守其雌：却安于雌柔',0,'2016-12-03 22:39:22','2016-12-03 22:39:22','0',4238244802),(299,18,2455,'为天下溪：甘为天下的溪谷',0,'2016-12-03 22:40:12','2016-12-03 22:40:12','0',4086884989),(300,18,2464,'常：永恒',0,'2016-12-03 22:40:52','2016-12-03 22:40:52','0',1695425458),(301,18,2467,'离：失去',0,'2016-12-03 22:41:06','2016-12-03 22:41:06','0',923983743),(304,18,2518,'为天下式：作为天下的模式',0,'2016-12-03 22:42:34','2016-12-03 22:42:34','0',2696059898),(305,18,2478,'知其白：此处应为  只其荣',0,'2016-12-03 22:44:27','2016-12-03 22:44:27','0',1246990958),(306,18,2540,'朴散则为器：朴素本初的东西制成的器物',0,'2016-12-03 22:46:42','2016-12-03 22:46:42','0',2357269766),(307,18,2551,'则为官长：为百官之长',0,'2016-12-03 22:47:18','2016-12-03 22:47:18','0',1909523903),(308,18,2558,'大智不割：大的制度就不会远离他',0,'2016-12-03 22:48:08','2016-12-03 22:48:08','0',823430991),(309,18,2573,'欲取天下而为之：想要用强制的办法治理获取天下',0,'2016-12-03 22:50:17','2016-12-03 22:50:17','0',1561459203),(310,18,2648,'载：安稳',0,'2016-12-03 22:51:46','2016-12-03 22:51:46','0',1960928337),(311,18,2650,'隳：hui1，危险',0,'2016-12-03 22:52:34','2016-12-03 22:52:34','0',3226468628),(312,18,2659,'去甚：去除极端',0,'2016-12-03 22:53:16','2016-12-03 22:53:16','0',1812331399),(313,18,2662,'去奢：去除奢侈',0,'2016-12-03 22:53:39','2016-12-03 22:53:39','0',664091811),(314,18,2665,'去泰：去除过度（过度的法则）',0,'2016-12-03 22:54:15','2016-12-03 22:54:15','0',3459213263),(315,18,2691,'其事好远：这样会得到好的结果',0,'2016-12-03 22:55:46','2016-12-03 22:55:46','0',3641859098),(316,18,2718,'善有果而已：善于用兵的人达到目的就好了',0,'2016-12-03 22:57:12','2016-12-03 22:57:12','0',590736620),(317,18,2725,'取强：夸耀武力',0,'2016-12-03 22:57:40','2016-12-03 22:57:40','0',1999070213),(318,18,2762,'是谓不道：这就说明它不符合道',0,'2016-12-03 22:58:48','2016-12-03 22:58:48','0',880909591),(319,18,2806,'居则贵左：平时以左边为贵',0,'2016-12-03 23:00:23','2016-12-03 23:00:23','0',217780068),(320,18,2837,'恬淡为上：最好恬淡处理',0,'2016-12-03 23:00:56','2016-12-03 23:00:56','0',2237930399),(321,18,2843,'不美：不以为了不起',0,'2016-12-03 23:01:20','2016-12-03 23:01:20','0',3490414785),(322,18,2645,'羸：软弱',0,'2016-12-03 23:03:52','2016-12-03 23:03:52','0',2753378844),(323,18,2932,'道常无名朴：道是无名质朴的',0,'2016-12-03 23:06:37','2016-12-03 23:06:37','0',280312177),(324,18,2943,'莫能臣：没有能征服的',0,'2016-12-03 23:07:03','2016-12-03 23:07:03','0',141863817),(325,18,2956,'宾：归顺',0,'2016-12-03 23:07:26','2016-12-03 23:07:26','0',884305757),(326,18,2974,'莫之令而自均：不用去指使而会自然均匀',0,'2016-12-03 23:08:34','2016-12-03 23:08:34','0',698566246),(327,18,2982,'始制有名：万物开始就有秩序和名分',0,'2016-12-03 23:09:55','2016-12-03 23:09:55','0',1862397182),(328,18,2992,'夫亦将知止：也就应当知道适可而止',0,'2016-12-03 23:11:01','2016-12-03 23:11:01','0',2341412476),(329,18,3001,'不殆：不会有危险',0,'2016-12-03 23:11:32','2016-12-03 23:11:32','0',1481920811),(330,18,3063,'强行者有志：坚持力行，努力不懈是有志气',0,'2016-12-03 23:12:53','2016-12-03 23:12:53','0',47892302),(331,18,3072,'不失其所者久：不迷失本性的人才能长久',0,'2016-12-03 23:13:54','2016-12-03 23:13:54','0',2814094427),(332,18,3081,'死而不亡者寿：身虽死，精神仍在的人才叫长寿',0,'2016-12-03 23:15:31','2016-12-03 23:15:31','0',1832557089),(333,18,3096,'大道泛兮：大道广泛流行',0,'2016-12-03 23:16:12','2016-12-03 23:16:12','0',2804361032),(334,18,3100,'其可左右：它可以左右万物',0,'2016-12-03 23:16:33','2016-12-03 23:16:33','0',1625599193),(335,18,3112,'不辞：不推辞',0,'2016-12-03 23:17:01','2016-12-03 23:17:01','0',1699363683),(336,18,3172,'执大象：掌握了伟大的道',0,'2016-12-03 23:18:22','2016-12-03 23:18:22','0',3231455752),(337,18,3177,'往：投靠',0,'2016-12-03 23:18:38','2016-12-03 23:18:38','0',1789572889),(338,18,3182,'不害：不遭到伤害',0,'2016-12-03 23:19:21','2016-12-03 23:19:21','0',2002398041),(339,18,3191,'乐与饵：音乐与美好的环境',0,'2016-12-03 23:20:27','2016-12-03 23:20:27','0',1235004056),(340,18,3200,'道之出口：用言语来表达道',0,'2016-12-03 23:21:09','2016-12-03 23:21:09','0',286342789),(341,18,3223,'用之不足既：用起来却无穷无尽',0,'2016-12-03 23:22:01','2016-12-03 23:22:01','0',1484166385),(342,18,3238,'歙：xi1,关闭',0,'2016-12-03 23:23:09','2016-12-03 23:23:09','0',1019267956),(343,18,3279,'是谓微明：这就是简明的道理',0,'2016-12-03 23:24:05','2016-12-03 23:24:05','0',2792525773),(344,18,3304,'示人：向人炫耀',0,'2016-12-03 23:25:04','2016-12-03 23:25:04','0',3798113840),(345,18,3318,'道常无为而无不为：道永远是顺其自然无为的，但是没有什么事情不是它作为的',0,'2016-12-03 23:26:42','2016-12-03 23:26:42','0',41529764),(346,18,3336,'自化：自我归化',0,'2016-12-03 23:27:51','2016-12-03 23:27:51','0',3609189886),(347,18,3339,'化而欲作：自化时产生贪欲',0,'2016-12-03 23:28:43','2016-12-03 23:28:43','0',2284359288),(348,18,3349,'以无名之朴：无名的质朴',0,'2016-12-03 23:29:31','2016-12-03 23:29:31','0',3645730501),(349,18,3362,'夫将不欲：就不会产生贪欲',0,'2016-12-03 23:29:57','2016-12-03 23:29:57','0',3434416033),(350,18,3367,'不欲以静：没有欲望与杂念，静下心来',0,'2016-12-03 23:31:17','2016-12-03 23:31:17','0',1062810704),(351,18,3374,'天下将自正：天下就会安定',0,'2016-12-03 23:31:35','2016-12-03 23:31:35','0',2563775058),(352,18,18,'上德不德：最上等的德是不在意形式上的德',1,'2016-12-04 09:52:58','2016-12-04 09:52:58','0',1956076502),(353,18,23,'是以有德：是因为他有真正意义上的德行',1,'2016-12-04 09:53:35','2016-12-04 09:53:35','0',3953730486),(354,18,28,'下德不失德：下等的德行是不失去外在形式上的德',1,'2016-12-04 09:54:35','2016-12-04 09:54:35','0',3925297838),(355,18,44,'无为而无以为：顺应自然而不以为是',1,'2016-12-04 09:55:34','2016-12-04 09:55:34','0',391992017),(356,18,53,'无为而有以为：此处有人认为应该是， 有为而有以为，意为，做了一些事情就自以为是',1,'2016-12-04 09:57:14','2016-12-04 09:57:14','0',599705156),(357,18,64,'为之而无以为：实施了却不以为然',1,'2016-12-04 09:59:14','2016-12-04 09:59:14','0',1892752542),(358,18,74,'上义为之而有以为：义气用事而有目的性',1,'2016-12-04 10:00:44','2016-12-04 10:00:44','0',436105546),(359,18,82,'上礼为之而莫之应：行大礼者没有得到对方的回应',1,'2016-12-04 10:01:47','2016-12-04 10:01:47','0',2688649239),(360,18,91,'则攘臂而扔之：就抓住别人的胳膊去强求',1,'2016-12-04 10:02:58','2016-12-04 10:02:58','0',3079569399),(361,18,130,'忠信之薄：忠信不足的产物',1,'2016-12-04 10:04:19','2016-12-04 10:04:19','0',481330477),(362,18,135,'而乱之首：是祸乱的开端',1,'2016-12-04 10:04:43','2016-12-04 10:04:43','0',2139585995),(363,18,141,'前识者：所谓有先见之明的人',1,'2016-12-04 10:05:41','2016-12-04 10:05:41','0',1119022738),(364,18,145,'道之华：只是道的外在形式',1,'2016-12-04 10:06:07','2016-12-04 10:06:07','0',1555995739),(365,18,150,'而愚之始：是愚昧的开始',1,'2016-12-04 10:06:26','2016-12-04 10:06:26','0',2806593397),(366,18,160,'厚：敦厚淳朴',1,'2016-12-04 10:07:13','2016-12-04 10:07:13','0',209673182),(367,18,165,'薄：浅薄',1,'2016-12-04 10:07:37','2016-12-04 10:07:37','0',1827428346),(368,18,169,'实：朴实',1,'2016-12-04 10:08:08','2016-12-04 10:08:08','0',906357007),(369,18,174,'华：外表虚化',1,'2016-12-04 10:08:29','2016-12-04 10:08:29','0',1908041932),(370,18,179,'故去彼取此：懂得取舍',1,'2016-12-04 10:09:01','2016-12-04 10:09:01','0',279227668),(371,18,194,'一：表示道，得一既得道',1,'2016-12-04 10:09:58','2016-12-04 10:09:58','0',2069343664),(372,18,234,'其致之也：我们可以如此推测',1,'2016-12-04 10:11:10','2016-12-04 10:11:10','0',3081440161),(373,18,239,'谓天无以清：天如果不清明',1,'2016-12-04 10:11:39','2016-12-04 10:11:39','0',3482291721),(374,18,244,'将恐裂：恐怕将要崩塌',1,'2016-12-04 10:12:07','2016-12-04 10:12:07','0',1171592130),(375,18,218,'谷得一以生：河谷得道就会盈满',1,'2016-12-04 10:13:34','2016-12-04 10:13:34','0',898788165),(377,18,305,'高以下为基：高要用低为基础',1,'2016-12-04 10:15:39','2016-12-04 10:15:39','0',1875154997),(378,18,298,'故贵以贱为：高贵要用低贱做为根本',1,'2016-12-04 10:16:25','2016-12-04 10:16:25','0',3419461755),(379,18,335,'致誉无誉：最高的荣誉不需要赞誉',1,'2016-12-04 10:17:20','2016-12-04 10:17:20','0',1615691730),(380,18,343,'故不欲琭琭如玉：不要求像宝玉那样晶莹',1,'2016-12-04 10:18:32','2016-12-04 10:18:32','0',1406453217),(381,18,344,'琭琭：lu4,晶莹',1,'2016-12-04 10:19:32','2016-12-04 10:19:32','0',589404365),(382,18,349,'珞珞如石：像石头一样坚硬',1,'2016-12-04 10:20:34','2016-12-04 10:20:34','0',2524279160),(383,18,349,'珞珞：luo4',1,'2016-12-04 10:20:49','2016-12-04 10:20:49','0',4030312857),(384,18,362,'反者道之动：循环往复是道的运行规律',1,'2016-12-04 10:22:03','2016-12-04 10:22:03','0',1722563813),(385,18,369,'弱者道之用：道的用处是柔弱的，（但又无所不能）',1,'2016-12-04 10:23:44','2016-12-04 10:23:44','0',1308051203),(386,18,404,'勤而行之：努力去执行',1,'2016-12-04 10:24:42','2016-12-04 10:24:42','0',2529123500),(387,18,414,'若存若亡：将信将疑',1,'2016-12-04 10:25:16','2016-12-04 10:25:16','0',3972064678),(388,18,429,'不笑不足以为道：不被嘲笑就不叫道了',1,'2016-12-04 10:25:59','2016-12-04 10:25:59','0',1523389143),(389,18,436,'建言有之：古人就说过这样的话',1,'2016-12-04 10:26:50','2016-12-04 10:26:50','0',920704048),(390,18,458,'夷道若颣：平坦的大道好似崎岖',1,'2016-12-04 10:27:28','2016-12-04 10:27:28','0',1148751597),(391,18,369,'弱者道之用：也意为，示弱是道的运用',1,'2016-12-04 10:28:28','2016-12-04 10:28:28','0',2742509118),(392,18,460,'颣：lei4,不平的',1,'2016-12-04 10:29:56','2016-12-04 10:29:56','0',3578439003),(393,18,466,'谷：虚谷',1,'2016-12-04 10:30:33','2016-12-04 10:30:33','0',3410898395),(394,18,472,'广德若不足：广大的德行好像不足一样',1,'2016-12-04 10:31:07','2016-12-04 10:31:07','0',2743973007),(395,18,480,'建德若偷：刚健的德行好像怠惰',1,'2016-12-04 10:32:21','2016-12-04 10:32:21','0',357645752),(396,18,487,'质真若渝：质朴纯真好像混沌未开',1,'2016-12-04 10:32:54','2016-12-04 10:32:54','0',1528579180),(397,18,494,'大白若辱：最洁白的东西好似有瑕疵',1,'2016-12-04 10:33:36','2016-12-04 10:33:36','0',1104558299),(398,18,501,'大方无隅：最方正的东西反而没有菱角',1,'2016-12-04 10:34:33','2016-12-04 10:34:33','0',1224308995),(399,18,529,'道隐无名：大道隐藏与无名',1,'2016-12-04 10:35:22','2016-12-04 10:35:22','0',2519932941),(400,18,535,'夫唯道：只有道',1,'2016-12-04 10:35:54','2016-12-04 10:35:54','0',3337031078),(401,18,540,'善贷且成：才能使万物善始善终',1,'2016-12-04 10:36:16','2016-12-04 10:36:16','0',390783365),(402,18,573,'负阴而抱阳：背阴而向阳',1,'2016-12-04 10:37:15','2016-12-04 10:37:15','0',2414268972),(403,18,579,'冲气以为和：在阴阳二气相互激荡而形成和谐体',1,'2016-12-04 10:38:23','2016-12-04 10:38:23','0',60735843),(404,18,602,'而王公以为称：而王公却用它来称谓自己',1,'2016-12-04 10:41:09','2016-12-04 10:41:09','0',2536208690),(405,18,612,'或损之而益：有的因为损失而受益',1,'2016-12-04 10:42:19','2016-12-04 10:42:19','0',4264088127),(406,18,617,'或益之而损：有的因为受益而遭受损失',1,'2016-12-04 10:42:53','2016-12-04 10:42:53','0',1603948602),(407,18,625,'人之所教：前人教导我的',1,'2016-12-04 10:44:23','2016-12-04 10:44:23','0',3429405781),(408,18,630,'我亦教之：我也教给后人',1,'2016-12-04 10:44:42','2016-12-04 10:44:42','0',569142582),(409,18,636,'强梁者：努力培养栋梁的人',1,'2016-12-04 10:45:42','2016-12-04 10:45:42','0',3523688574),(410,18,638,'不得其死：精神不死',1,'2016-12-04 10:46:06','2016-12-04 10:46:06','0',17638433),(411,18,645,'教父：做为施教的宗旨',1,'2016-12-04 10:47:38','2016-12-04 10:47:38','0',1614100135),(412,18,674,'无有入无间：无可以进到没有间隙的地方',1,'2016-12-04 10:48:44','2016-12-04 10:48:44','0',1145790350),(413,18,701,'天下希及之：天下很少有明白的',1,'2016-12-04 10:49:25','2016-12-04 10:49:25','0',2259673336),(414,18,736,'甚爱必大费：过于在意外物必然大费心神',1,'2016-12-04 10:50:17','2016-12-04 10:50:17','0',279466966),(415,18,743,'多藏必厚亡：过于收藏财务必然大伤其身',1,'2016-12-04 10:51:33','2016-12-04 10:51:33','0',1840108854),(416,18,750,'故知足不辱：知足不会遭受屈辱',1,'2016-12-04 10:52:21','2016-12-04 10:52:21','0',4072591103),(417,18,756,'知止不殆：知道适可而止不会遭受危险',1,'2016-12-04 10:52:59','2016-12-04 10:52:59','0',3634723551),(418,18,775,'大成若缺：完美的东西好似有缺陷',1,'2016-12-04 10:54:01','2016-12-04 10:54:01','0',4133335950),(419,18,781,'不弊：无穷',1,'2016-12-04 10:54:20','2016-12-04 10:54:20','0',2659154737),(420,18,788,'冲：空虚',1,'2016-12-04 10:54:59','2016-12-04 10:54:59','0',2194342109),(421,18,825,'清静为天下正：清净是天地万物本来的面貌',1,'2016-12-04 10:55:47','2016-12-04 10:55:47','0',3474076733),(422,18,846,'却走马以粪：把战马退回田地耕作',1,'2016-12-04 10:57:11','2016-12-04 10:57:11','0',4243133962),(423,18,840,'天下有道：指天下太平',1,'2016-12-04 10:57:34','2016-12-04 10:57:34','0',1204749370),(424,18,855,'戎马：怀胎的母马',1,'2016-12-04 10:58:22','2016-12-04 10:58:22','0',843010402),(425,18,865,'祸莫大于不知足：最大的祸患是不知足',1,'2016-12-04 10:59:25','2016-12-04 10:59:25','0',4277874753),(426,18,873,'咎莫大于欲得：最大的危害是贪得无厌',1,'2016-12-04 10:59:48','2016-12-04 10:59:48','0',2996729528),(427,18,914,'弥：越',1,'2016-12-04 11:00:46','2016-12-04 11:00:46','0',4206444721),(428,18,954,'为学日益：求学的人，他的欲望一天天增加',1,'2016-12-04 11:02:42','2016-12-04 11:02:42','0',905027602),(429,18,959,'为道日损：求道的人他的欲望一点点减少',1,'2016-12-04 11:03:26','2016-12-04 11:03:26','0',4253558260),(430,18,987,'以无事：用无为治理国家，少去干扰人民',1,'2016-12-04 11:04:44','2016-12-04 11:04:44','0',2897307971),(431,18,1015,'常无心：没有自己的成见之心',1,'2016-12-04 11:06:00','2016-12-04 11:06:00','0',1879145554),(432,18,1020,'以百姓心为心：用百姓的心愿做为自己的心愿',1,'2016-12-04 11:06:35','2016-12-04 11:06:35','0',1447948649),(433,18,1027,'善者:善良的人',1,'2016-12-04 11:07:05','2016-12-04 11:07:05','0',726352041),(434,18,1030,'吾善之：我善待他',1,'2016-12-04 11:07:20','2016-12-04 11:07:20','0',559568801),(435,18,1043,'德善：使人人向善',1,'2016-12-04 11:08:42','2016-12-04 11:08:42','0',3583942187),(436,18,1075,'歙歙焉：收敛自己的欲念',1,'2016-12-04 11:10:07','2016-12-04 11:10:07','0',1465656389),(437,18,1081,'为天下浑其心：使天下的心灵都归于淳朴',1,'2016-12-04 11:10:40','2016-12-04 11:10:40','0',506247893),(438,18,1090,'皆注其耳目：都关心他们自己的耳目聪明',1,'2016-12-04 11:11:38','2016-12-04 11:11:38','0',4268103377),(439,18,1096,'皆孩之：使他们回到婴儿般的质朴状态',1,'2016-12-04 11:12:15','2016-12-04 11:12:15','0',2377550857),(440,18,1109,'出生入死：人从生下来到死亡',1,'2016-12-04 11:13:21','2016-12-04 11:13:21','0',3876687488),(441,18,1113,'生之徒：长寿的人',1,'2016-12-04 11:13:41','2016-12-04 11:13:41','0',3041037702),(442,18,1121,'死之徒：短寿的人',1,'2016-12-04 11:13:58','2016-12-04 11:13:58','0',1354829835),(443,18,1117,'十有三：有十分之三，也可认为有一部分',1,'2016-12-04 11:14:38','2016-12-04 11:14:38','0',2696605876),(444,18,1130,'人之生:本来可以长寿',1,'2016-12-04 11:15:39','2016-12-04 11:15:39','0',2484007432),(445,18,1135,'动之于死地：却死于非命',1,'2016-12-04 11:16:11','2016-12-04 11:16:11','0',1962813184),(446,18,1147,'夫何故？：这是为什么',1,'2016-12-04 11:16:40','2016-12-04 11:16:40','0',3325492131),(447,18,1151,'以其生之厚：因为奉养太过度了',1,'2016-12-04 11:17:09','2016-12-04 11:17:09','0',1311214472),(448,18,1166,'兕：犀牛，si4',1,'2016-12-04 11:18:04','2016-12-04 11:18:04','0',3599722957),(449,18,1217,'道生之：道生成万物',1,'2016-12-04 11:19:45','2016-12-04 11:19:45','0',2431693188),(450,18,1221,'德畜之：德养育万物',1,'2016-12-04 11:20:16','2016-12-04 11:20:16','0',2103657407),(451,18,1225,'物形之：万物有自己的形态',1,'2016-12-04 11:21:05','2016-12-04 11:21:05','0',989298986),(452,18,1229,'势成之：环境使万物生长',1,'2016-12-04 11:21:33','2016-12-04 11:21:33','0',1980724039),(453,18,1258,'夫莫之命：不是听从谁的命令',1,'2016-12-04 11:23:21','2016-12-04 11:23:21','0',318065001),(454,18,1262,'而常自然：而是效法自然',1,'2016-12-04 11:23:39','2016-12-04 11:23:39','0',2100287600),(455,18,1288,'覆之：维护',1,'2016-12-04 11:24:05','2016-12-04 11:24:05','0',3214475881),(456,18,1309,'玄德：深远的德行',1,'2016-12-04 11:24:45','2016-12-04 11:24:45','0',3856093084),(457,18,1322,'天下有始：天地万物都有起始',1,'2016-12-04 11:25:48','2016-12-04 11:25:48','0',2041902558),(458,18,1328,'以为天下母：这个始就是万物的根源',1,'2016-12-04 11:26:23','2016-12-04 11:26:23','0',3790587970),(459,18,1338,'以知其子：就认识了万物本身',1,'2016-12-04 11:27:16','2016-12-04 11:27:16','0',2276054975),(460,18,1354,'塞其兑：堵塞感官之窍',1,'2016-12-04 11:28:07','2016-12-04 11:28:07','0',1934712700),(461,18,1358,'闭其门：关闭欲望之门',1,'2016-12-04 11:28:26','2016-12-04 11:28:26','0',3421643031),(462,18,1364,'终身不勤：终身不会感到疲倦',1,'2016-12-04 11:28:56','2016-12-04 11:28:56','0',54768078),(463,18,1371,'济其事：增添纷杂的琐事',1,'2016-12-04 11:30:00','2016-12-04 11:30:00','0',4107797670),(464,18,1392,'用其光：运用它的光芒',1,'2016-12-04 11:31:21','2016-12-04 11:31:21','0',2402029191),(465,18,1396,'复归其明：返照内在的明',1,'2016-12-04 11:31:45','2016-12-04 11:31:45','0',563215278),(466,18,1402,'无遗身殃：不会给自己带来灾害',1,'2016-12-04 11:32:23','2016-12-04 11:32:23','0',2617086459),(467,18,1407,'袭常：万世不竭的常理',1,'2016-12-04 11:33:04','2016-12-04 11:33:04','0',1109039963),(468,18,1159,'摄生：养生',1,'2016-12-04 11:47:52','2016-12-04 11:47:52','0',2269936615),(469,18,1422,'使我介然有知：假如我稍微有些智慧',1,'2016-12-04 20:57:38','2016-12-04 20:57:38','0',2772583154),(470,18,1428,'行于大道：（就会明白）走在大路上',1,'2016-12-04 20:58:02','2016-12-04 20:58:02','0',856914490),(471,18,1433,'唯施是畏：最担心的是走上了邪路',1,'2016-12-04 20:58:27','2016-12-04 20:58:27','0',695182619),(472,18,1440,'大道甚夷：大道是那样的平坦',1,'2016-12-04 20:59:03','2016-12-04 20:59:03','0',3434235689),(473,18,1445,'而人好径：但是人们却喜欢走邪路',1,'2016-12-04 20:59:28','2016-12-04 20:59:28','0',2731730187),(474,18,1449,'朝甚除：朝廷已经腐败至极',1,'2016-12-04 21:00:03','2016-12-04 21:00:03','0',4097786061),(475,18,1453,'田甚芜：田地荒芜至极',1,'2016-12-04 21:00:26','2016-12-04 21:00:26','0',2285446191),(476,18,1461,'服文采：（君主）依然穿着华丽的衣服',1,'2016-12-04 21:01:19','2016-12-04 21:01:19','0',1189012969),(477,18,1469,'厌饮食：餐食美味，糟蹋粮食',1,'2016-12-04 21:02:13','2016-12-04 21:02:13','0',3145900112),(478,18,1474,'财货有馀：搜刮占有富余的财务',1,'2016-12-04 21:02:48','2016-12-04 21:02:48','0',2649836254),(479,18,1480,'盗夸：强盗的头子',1,'2016-12-04 21:03:18','2016-12-04 21:03:18','0',2524786298),(480,18,1498,'善建者不拔：善于种树的人种出来的树难以拔出',1,'2016-12-04 21:04:37','2016-12-04 21:04:37','0',2165475964),(481,18,1505,'善抱者不脱：善于饱持大道的人不会轻易放弃',1,'2016-12-04 21:05:25','2016-12-04 21:05:25','0',1675475661),(482,18,1512,'子孙以祭祀不辍：子孙如果能遵循这个道理就能万世传承',1,'2016-12-04 21:06:34','2016-12-04 21:06:34','0',3366686219),(483,18,1520,'修之于身：用这个道理来修身',1,'2016-12-04 21:07:11','2016-12-04 21:07:11','0',3923014416),(484,18,1525,'其德乃真：他的德行就会返璞归真',1,'2016-12-04 21:07:32','2016-12-04 21:07:32','0',2618159798),(485,18,1536,'馀：充实，富裕',1,'2016-12-04 21:07:55','2016-12-04 21:07:55','0',2432879206),(486,18,1546,'长：传颂',1,'2016-12-04 21:08:19','2016-12-04 21:08:19','0',2047321304),(487,18,1573,'故以身观身：所以以自身来观察别人',1,'2016-12-04 21:09:15','2016-12-04 21:09:15','0',3109372529),(488,18,1606,'然哉？：是这样的呢',1,'2016-12-04 21:09:49','2016-12-04 21:09:49','0',4094578177),(489,18,1609,'以此：用了以上的方法',1,'2016-12-04 21:10:08','2016-12-04 21:10:08','0',1886545079),(490,18,1622,'含德之厚：德行深厚的人',1,'2016-12-04 21:10:56','2016-12-04 21:10:56','0',3358890319),(491,18,1628,'赤子：刚出生的婴儿',1,'2016-12-04 21:11:24','2016-12-04 21:11:24','0',2790719635),(492,18,1632,'毒虫不螫：毒虫不会蛰他',1,'2016-12-04 21:11:50','2016-12-04 21:11:50','0',993772391),(493,18,1638,'据：扑咬',1,'2016-12-04 21:12:14','2016-12-04 21:12:14','0',3000909712),(494,18,1640,'攫：jue2,抓取',1,'2016-12-04 21:13:47','2016-12-04 21:13:47','0',3597541341),(495,18,1651,'握固：拳头握的牢固',1,'2016-12-04 21:14:29','2016-12-04 21:14:29','0',238500380),(496,18,1657,'牝牡之合：男女之交合',1,'2016-12-04 21:15:06','2016-12-04 21:15:06','0',2537612057),(497,18,1661,'朘作：生殖器勃起',1,'2016-12-04 21:16:09','2016-12-04 21:16:09','0',2303140029),(498,18,1660,'朘：juan1',1,'2016-12-04 21:16:27','2016-12-04 21:16:27','0',1674817331),(499,18,1664,'精之至也：精气充足的表现',1,'2016-12-04 21:17:14','2016-12-04 21:17:14','0',1383753765),(500,18,1672,'号而不嗄：哭啼但是声音不沙哑',1,'2016-12-04 21:17:51','2016-12-04 21:17:51','0',725384169),(501,18,1677,'和之至也：和气充足的表现',1,'2016-12-04 21:18:20','2016-12-04 21:18:20','0',2760564168),(502,18,1694,'益生曰祥：懂得养生就叫吉祥',1,'2016-12-04 21:19:25','2016-12-04 21:19:25','0',1900092784),(503,18,1699,'心使气曰强：欲念主使精气就叫逞强',1,'2016-12-04 21:20:24','2016-12-04 21:20:24','0',2324811234),(504,18,1705,'物壮则老：事物过于盛壮就会衰老',1,'2016-12-04 21:21:29','2016-12-04 21:21:29','0',2989568260),(505,18,1729,'知者不言：智者不多言',1,'2016-12-04 21:22:14','2016-12-04 21:22:14','0',2575288608),(506,18,1734,'言者不知：妄言的人不明智',1,'2016-12-04 21:22:41','2016-12-04 21:22:41','0',533930787),(507,18,1740,'挫其锐：不显露锋芒',1,'2016-12-04 21:23:25','2016-12-04 21:23:25','0',2652131559),(508,18,1744,'解其纷：解脱纷扰',1,'2016-12-04 21:24:02','2016-12-04 21:24:02','0',2937468844),(509,18,1748,'和其光：收敛他们的光耀',1,'2016-12-04 21:24:55','2016-12-04 21:24:55','0',3817264062),(510,18,1752,'同其尘：混然于尘世',1,'2016-12-04 21:25:39','2016-12-04 21:25:39','0',1086180299),(511,18,1757,'玄同：深奥的处世之道',1,'2016-12-04 21:26:46','2016-12-04 21:26:46','0',891541632),(512,18,1763,'故不可得而亲：不能得到他的特别亲近',1,'2016-12-04 21:28:29','2016-12-04 21:28:29','0',3138993066),(513,18,1799,'故为天下贵：所以这样的人称为天下的贵人',1,'2016-12-04 21:29:08','2016-12-04 21:29:08','0',3016505054),(514,18,1813,'以正治国：用无为的方式去治理国家',1,'2016-12-04 21:30:29','2016-12-04 21:30:29','0',524635892),(515,18,1819,'以奇用兵：用出奇致胜的办法打仗',1,'2016-12-04 21:31:34','2016-12-04 21:31:34','0',180687836),(516,18,1845,'天下多忌讳：天下的忌讳越多',1,'2016-12-04 21:32:20','2016-12-04 21:32:20','0',903142446),(517,18,1870,'奇物滋起：邪风怪事就会越多',1,'2016-12-04 21:33:31','2016-12-04 21:33:31','0',2861360967),(518,18,1876,'法令滋彰：法令越森严',1,'2016-12-04 21:36:35','2016-12-04 21:36:35','0',1224558611),(519,18,1897,'自化：自我化育',1,'2016-12-04 21:37:14','2016-12-04 21:37:14','0',1852080531),(520,18,1938,'其政闷闷：政策宽厚',1,'2016-12-04 21:38:07','2016-12-04 21:38:07','0',3943100579),(521,18,1948,'察察：苛刻严厉',1,'2016-12-04 21:38:31','2016-12-04 21:38:31','0',1576181884),(522,18,1953,'缺缺：狡黠',1,'2016-12-04 21:39:06','2016-12-04 21:39:06','0',1327857630),(523,18,1960,'圣人方而不割：圣人方正但是不生硬',1,'2016-12-04 21:40:32','2016-12-04 21:40:32','0',955752874),(524,18,1966,'廉而不刿：有菱角但不伤害人',1,'2016-12-04 21:41:02','2016-12-04 21:41:02','0',850654290),(525,18,1971,'直而不肆：直率但是不放肆',1,'2016-12-04 21:43:12','2016-12-04 21:43:12','0',3335759229),(526,18,1976,'光而不耀：光亮但不刺眼',1,'2016-12-04 21:43:41','2016-12-04 21:43:41','0',1842563570),(528,18,1991,'福兮祸之所伏：幸福啊，它里面埋藏了祸患',1,'2016-12-04 21:45:36','2016-12-04 21:45:36','0',2331015855),(529,18,1984,'祸兮福之所倚：祸患啊，幸福就依傍在它里面',1,'2016-12-04 21:46:13','2016-12-04 21:46:13','0',862628256),(530,18,1997,'孰知其极：谁知道祸患与幸福呢',1,'2016-12-04 21:46:59','2016-12-04 21:46:59','0',1951943045),(531,18,2002,'其无正也：并没有统一的标准',1,'2016-12-04 21:47:30','2016-12-04 21:47:30','0',1684345436),(532,18,2007,'正复为奇：正转变成邪',1,'2016-12-04 21:48:06','2016-12-04 21:48:06','0',1179613845),(533,18,2012,'善复为妖：善转变成恶',1,'2016-12-04 21:48:26','2016-12-04 21:48:26','0',256104026),(534,18,2016,'人之迷：人的迷惑',1,'2016-12-04 21:48:48','2016-12-04 21:48:48','0',1203703388),(535,18,2022,'固久：由来已久',1,'2016-12-04 21:49:06','2016-12-04 21:49:06','0',2380997253),(536,18,2035,'治人事天：治理人民和养护身心',1,'2016-12-04 21:51:02','2016-12-04 21:51:02','0',3222091793),(537,18,2039,'莫若啬：没有比珍惜更重要的了',1,'2016-12-04 21:51:33','2016-12-04 21:51:33','0',3042870026),(538,18,2041,'啬：珍惜',1,'2016-12-04 21:52:00','2016-12-04 21:52:00','0',4229266196),(539,18,2051,'早服：早做准备',1,'2016-12-04 21:52:31','2016-12-04 21:52:31','0',2371460235),(540,18,2058,'重积德：不断的积累德行',1,'2016-12-04 21:53:23','2016-12-04 21:53:23','0',426953041),(541,18,2075,'则莫知其极：无法估量他的力量',1,'2016-12-04 21:54:22','2016-12-04 21:54:22','0',4210292401),(542,18,2090,'有国之母：有了治理国家的原则和道理',1,'2016-12-04 21:55:12','2016-12-04 21:55:12','0',3289979338),(543,18,2126,'若烹小鲜：好像烹小鱼',1,'2016-12-04 21:56:04','2016-12-04 21:56:04','0',1795327448),(544,18,2133,'莅：来临，意为 治理',1,'2016-12-04 21:57:12','2016-12-04 21:57:12','0',2175100982),(545,18,2139,'其鬼不神：鬼神不起作用',1,'2016-12-04 21:57:31','2016-12-04 21:57:31','0',238816535),(546,18,2145,'非其鬼不神：不但鬼怪不起作用',1,'2016-12-04 21:58:45','2016-12-04 21:58:45','0',598508036),(547,18,2150,'其神不伤人：即使起作用也伤不了人',1,'2016-12-04 21:59:26','2016-12-04 21:59:26','0',3883442125),(548,18,2176,'故德交归焉：人民享受到德的恩泽',1,'2016-12-04 22:00:21','2016-12-04 22:00:21','0',2173480026),(549,18,2192,'大邦者下流：大国就要像江河的下游那样',1,'2016-12-04 22:01:35','2016-12-04 22:01:35','0',3405154466),(550,18,2197,'天下之牝：处在天下雌柔的地位',1,'2016-12-04 22:02:55','2016-12-04 22:02:55','0',3211682997),(551,18,2202,'天下之交也：却是天下河流的交汇处',1,'2016-12-04 22:03:24','2016-12-04 22:03:24','0',2393393069),(552,18,2209,'牝常以静胜牡：柔弱常胜刚强',1,'2016-12-04 22:04:46','2016-12-04 22:04:46','0',478335254),(553,18,2215,'以静为下：是因为它默默处于下的位置',1,'2016-12-04 22:05:22','2016-12-04 22:05:22','0',1838202798),(554,18,2224,'大邦以下小邦：大国要谦让小国',1,'2016-12-04 22:05:56','2016-12-04 22:05:56','0',2993840632),(555,18,2230,'则取小邦：可以取得小国的信任',1,'2016-12-04 22:06:18','2016-12-04 22:06:18','0',1722337837),(556,18,2236,'小邦以下大邦：小国谦让大国',1,'2016-12-04 22:06:42','2016-12-04 22:06:42','0',1341998693),(557,18,2242,'则取大邦：取得大国信任',1,'2016-12-04 22:06:59','2016-12-04 22:06:59','0',943206002),(558,18,2248,'故或下以取：或者因为谦让而取得信任',1,'2016-12-04 22:07:53','2016-12-04 22:07:53','0',3957452243),(559,18,2253,'或下而取：或者因为谦让而获得包容',1,'2016-12-04 22:08:20','2016-12-04 22:08:20','0',2362781781),(560,18,2262,'兼畜人：统治别人',1,'2016-12-04 22:08:57','2016-12-04 22:08:57','0',2734860926),(561,18,2271,'入事人：依附于别人',1,'2016-12-04 22:09:19','2016-12-04 22:09:19','0',3215082079),(562,18,2285,'大者宜为下：大国应该谦让',1,'2016-12-04 22:09:49','2016-12-04 22:09:49','0',2985000671),(563,18,2301,'道者万物之奥：道是万物的奥妙所在',1,'2016-12-04 22:10:56','2016-12-04 22:10:56','0',366721503),(564,18,2307,'善人之宝：善良的人把它当做生命中的至宝',1,'2016-12-04 22:12:05','2016-12-04 22:12:05','0',598944424),(565,18,2313,'不善人之所保：不善良的人把它看作生命的保护神',1,'2016-12-04 22:12:49','2016-12-04 22:12:49','0',2909596971),(566,18,2322,'美言可以市尊：美好的言辞可以换来别人的尊敬',1,'2016-12-04 22:13:35','2016-12-04 22:13:35','0',3452655657),(567,18,2323,'市：换取',1,'2016-12-04 22:13:52','2016-12-04 22:13:52','0',3882003777),(568,18,2328,'美行可以加人：美好的行为可以吸引更多的人',1,'2016-12-04 22:14:37','2016-12-04 22:14:37','0',1378068462),(569,18,2336,'人之不善：人产生了不善的念头',1,'2016-12-04 22:15:45','2016-12-04 22:15:45','0',2562582049),(570,18,2339,'何弃之有？：怎么还能放弃道呢',1,'2016-12-04 22:16:09','2016-12-04 22:16:09','0',2635374116),(571,18,2358,'有拱璧以先驷马：有双手捧玉在前，后跟四匹马拉的马车（这样的礼仪）',1,'2016-12-04 22:19:08','2016-12-04 22:19:08','0',3234891849),(572,18,2365,'坐进此道：奉献清净无为的道',1,'2016-12-04 22:20:03','2016-12-04 22:20:03','0',1636864414),(573,18,2377,'贵此道者何：为什么推崇道',1,'2016-12-04 22:22:01','2016-12-04 22:22:01','0',1056601145),(574,18,2384,'求以得：有求必应应',1,'2016-12-04 22:22:22','2016-12-04 22:22:22','0',626737340),(575,18,2413,'事无事: 以不滋事的方法处理事物',1,'2016-12-04 22:23:21','2016-12-04 22:23:21','0',1808791379),(576,18,2417,'味无味：以恬淡无味为美味',1,'2016-12-04 22:23:57','2016-12-04 22:23:57','0',3573675189),(577,18,2424,'图难于其易：天下难事要从简单的地方入手',1,'2016-12-04 22:24:57','2016-12-04 22:24:57','0',3930253186),(578,18,2425,'图难于其易：攻克困难要从简单的地方开始',1,'2016-12-04 22:25:47','2016-12-04 22:25:47','0',1612494414),(579,18,2431,'为大于其细：做大事要从小事入手',1,'2016-12-04 22:26:15','2016-12-04 22:26:15','0',2722853719),(580,18,2460,'圣人终不为大：圣人不贪图大贡献',1,'2016-12-04 22:26:48','2016-12-04 22:26:48','0',2531579953),(581,18,2474,'夫轻诺必寡信：轻易承诺必然少有信用',1,'2016-12-04 22:27:28','2016-12-04 22:27:28','0',2932580480),(582,18,2480,'多易必多难：把事情看的简单必然遭受许多困难',1,'2016-12-04 22:28:14','2016-12-04 22:28:14','0',3978168132),(583,18,2489,'犹难之：看重困难',1,'2016-12-04 22:28:49','2016-12-04 22:28:49','0',3566616313),(584,18,2509,'其安易持：局面安定时容易维持',1,'2016-12-04 22:30:47','2016-12-04 22:30:47','0',3816750901),(585,18,2514,'其未兆易谋：事变没有开始时容易谋划',1,'2016-12-04 22:31:20','2016-12-04 22:31:20','0',3502433482),(586,18,2520,'其脆易泮：事物脆弱时容易消除',1,'2016-12-04 22:31:56','2016-12-04 22:31:56','0',3142931934),(587,18,2525,'其微易散：事物细微时容易散失',1,'2016-12-04 22:32:36','2016-12-04 22:32:36','0',3752657808),(588,18,2530,'为之于未有：做事情要在它尚未发生以前处理妥当',1,'2016-12-04 22:33:40','2016-12-04 22:33:40','0',2744015834),(589,18,2536,'治之于未乱：治理国家要在没有发生祸乱以前做好准备',1,'2016-12-04 22:34:23','2016-12-04 22:34:23','0',1045146619),(590,18,2544,'合抱之木：合抱的大树',1,'2016-12-04 22:34:55','2016-12-04 22:34:55','0',42817519),(591,18,2549,'生于毫末：生长于细小的萌芽',1,'2016-12-04 22:35:24','2016-12-04 22:35:24','0',2952619711),(592,18,2559,'起于累土：是每一堆泥土堆起来的',1,'2016-12-04 22:36:11','2016-12-04 22:36:11','0',1399019196),(593,18,2576,'民之从事：有些民众做事',1,'2016-12-04 22:37:03','2016-12-04 22:37:03','0',3171570911),(594,18,2583,'于几成而败之：就在快要成功时失败了',1,'2016-12-04 22:37:32','2016-12-04 22:37:32','0',2900851654),(595,18,2589,'慎终如始：始终谨慎如一',1,'2016-12-04 22:37:55','2016-12-04 22:37:55','0',2811405566),(596,18,2615,'非以明民：不教导人民智巧诡诈',1,'2016-12-04 22:39:36','2016-12-04 22:39:36','0',1054488075),(597,18,2620,'将以愚之：而是教导人民敦厚朴实',1,'2016-12-04 22:40:07','2016-12-04 22:40:07','0',2045428416),(598,18,2643,'国之贼：无异于国贼',1,'2016-12-04 22:40:58','2016-12-04 22:40:58','0',2519144626),(599,18,2663,'稽式：代表，模式',1,'2016-12-04 22:42:24','2016-12-04 22:42:24','0',2100773405),(600,18,2689,'与物反矣：与万物一起返璞归真',1,'2016-12-04 22:43:09','2016-12-04 22:43:09','0',622733380),(601,18,2741,'上民：治理统治人民',1,'2016-12-04 22:43:47','2016-12-04 22:43:47','0',3472074935),(602,18,2746,'必以言下之：必然要言辞谦下',1,'2016-12-04 22:44:33','2016-12-04 22:44:33','0',4219251221),(603,18,2751,'欲先民：想走在人民前面',1,'2016-12-04 22:45:17','2016-12-04 22:45:17','0',3996078906),(604,18,2756,'身后之：自身的利益放在后面',1,'2016-12-04 22:45:56','2016-12-04 22:45:56','0',1795212140),(605,18,2767,'民不重：人民的负担不增加',1,'2016-12-04 22:46:43','2016-12-04 22:46:43','0',1175349504),(606,18,2772,'处前而民不害：处于前面而不妨害人民',1,'2016-12-04 22:47:41','2016-12-04 22:47:41','0',2345115024),(607,18,2783,'乐推而不厌：乐于推崇而不厌恶',1,'2016-12-04 22:48:23','2016-12-04 22:48:23','0',2949780617),(608,18,2819,'似不肖：不像任何东西',1,'2016-12-04 22:49:32','2016-12-04 22:49:32','0',2501583483),(609,18,2837,'久矣其细也夫：那么它就显得很渺小了',1,'2016-12-04 22:50:40','2016-12-04 22:50:40','0',3456346732),(610,18,2879,'俭故能广：节俭才会大方',1,'2016-12-04 22:51:34','2016-12-04 22:51:34','0',3552599969),(611,18,2893,'成器长：成为人民器重的首领',1,'2016-12-04 22:52:36','2016-12-04 22:52:36','0',2838968096),(612,18,2898,'舍：抛弃',1,'2016-12-04 22:52:56','2016-12-04 22:52:56','0',102323934),(613,18,2927,'以守则固：防御就会牢固',1,'2016-12-04 22:53:45','2016-12-04 22:53:45','0',486810982),(614,18,2932,'天将救之：天要救援谁',1,'2016-12-04 22:54:29','2016-12-04 22:54:29','0',1926111907),(615,18,2936,'以慈卫之：用仁慈来保护他',1,'2016-12-04 22:55:15','2016-12-04 22:55:15','0',2773542518),(616,18,2951,'士：将领',1,'2016-12-04 22:56:02','2016-12-04 22:56:02','0',487539659),(617,18,2970,'不与：不与敌人正面冲突',1,'2016-12-04 22:56:37','2016-12-04 22:56:37','0',3073362564),(618,18,2979,'为之下：行为谦让',1,'2016-12-04 22:57:02','2016-12-04 22:57:02','0',1065966879),(619,18,2984,'是谓不争之德：这就叫不与人争的美德',1,'2016-12-04 22:57:49','2016-12-04 22:57:49','0',2037119355),(620,18,2992,'用人之力：善于运用他人的力量',1,'2016-12-04 22:58:16','2016-12-04 22:58:16','0',4135359060),(621,18,3000,'配天古之极：符合自然的道理',1,'2016-12-04 22:58:40','2016-12-04 22:58:40','0',1756783349),(622,18,3039,'是谓行无行：这就叫做虽有阵势，却好像无阵可摆',1,'2016-12-04 23:00:35','2016-12-04 23:00:35','0',716840725),(623,18,3043,'攘无臂：虽然要奋臂，却好像没有臂膀可举一样',1,'2016-12-04 23:01:44','2016-12-04 23:01:44','0',1879916680),(624,18,3047,'扔无敌：面临敌人却好像没有敌人一样',1,'2016-12-04 23:02:28','2016-12-04 23:02:28','0',491274584),(625,18,3051,'执无兵：虽然有兵器，却好像没有一样',1,'2016-12-04 23:03:20','2016-12-04 23:03:20','0',1917253876),(626,18,3074,'故抗兵相若：所以实力相当的军队相遇',1,'2016-12-04 23:04:15','2016-12-04 23:04:15','0',186488458),(627,18,3080,'哀者胜矣：悲痛的一方胜利',1,'2016-12-04 23:04:48','2016-12-04 23:04:48','0',965017682),(628,18,3093,'吾言甚易知：我的言论很容易理解',1,'2016-12-04 23:06:26','2016-12-04 23:06:26','0',1042135963),(629,18,3114,'言有宗：言语要有宗旨',1,'2016-12-04 23:07:14','2016-12-04 23:07:14','0',4265623876),(630,18,3118,'事有君：做事要有依据',1,'2016-12-04 23:07:33','2016-12-04 23:07:33','0',4095698033),(631,18,3123,'夫唯无知：因为不知道这个道理',1,'2016-12-04 23:07:54','2016-12-04 23:07:54','0',3861523915),(632,18,3151,'被褐而怀玉：身穿布衣，怀揣美玉。',1,'2016-12-04 23:09:08','2016-12-04 23:09:08','0',2287218303),(633,18,3164,'知不知：知道自己还有很多不知道的东西',1,'2016-12-04 23:09:55','2016-12-04 23:09:55','0',4239823721),(634,18,3168,'尚矣：这是高明的',1,'2016-12-04 23:10:12','2016-12-04 23:10:12','0',2129001845),(635,18,3172,'不知知：不知道却自以为是',1,'2016-12-04 23:10:44','2016-12-04 23:10:44','0',3026496033),(636,18,3175,'病也：是病态的',1,'2016-12-04 23:11:02','2016-12-04 23:11:02','0',2213128012),(637,18,3129,'是以不我知：因此不了解我',1,'2016-12-05 08:35:03','2016-12-05 08:35:03','0',1233626833),(638,18,3180,'圣人不病：圣人没有缺点',1,'2016-12-05 10:44:33','2016-12-05 10:44:33','0',544014743),(639,18,3185,'以其病病：因为他们把缺点当做缺点',1,'2016-12-05 10:45:04','2016-12-05 10:45:04','0',1212303238),(640,18,3208,'民不畏威：如果人民不畏惧统治者的威压',1,'2016-12-05 10:45:54','2016-12-05 10:45:54','0',4265698551),(641,18,3213,'则大威至：那么大的祸乱就要来了',1,'2016-12-05 10:46:15','2016-12-05 10:46:15','0',2082421248),(642,18,3220,'无狎其所居：不要侵害人民的生存空间',1,'2016-12-05 10:47:06','2016-12-05 10:47:06','0',4176829598),(643,18,3226,'无厌其所生：不要阻塞人民谋生的道路',1,'2016-12-05 10:47:48','2016-12-05 10:47:48','0',2811511475),(644,18,3232,'夫唯不厌：只有不压迫人民',1,'2016-12-05 10:48:13','2016-12-05 10:48:13','0',2981668555),(645,18,3236,'是以不厌：人民才不会厌恶统治者',1,'2016-12-05 10:48:49','2016-12-05 10:48:49','0',3194886466),(646,18,3248,'自知不自见：有自知之明但不自我表现',1,'2016-12-05 10:49:35','2016-12-05 10:49:35','0',1504266750),(647,18,3254,'自爱不自贵：有自爱之心但是不自显高贵',1,'2016-12-05 10:50:16','2016-12-05 10:50:16','0',2705911478),(648,18,3275,'勇于敢则杀：喜欢激进好斗的人会找来祸患',1,'2016-12-05 10:51:52','2016-12-05 10:51:52','0',825560762),(649,18,3282,'勇于不敢则活：喜欢不争的人可以长久',1,'2016-12-05 10:52:43','2016-12-05 10:52:43','0',1075570863),(650,18,3291,'或利或害：或者有利，或者有害',1,'2016-12-05 10:53:42','2016-12-05 10:53:42','0',2698823103),(651,18,3297,'天之所恶：上天厌恶什么样的',1,'2016-12-05 10:54:58','2016-12-05 10:54:58','0',471650325),(652,18,3302,'孰知其故：谁也不知道这其中的缘故',1,'2016-12-05 10:55:32','2016-12-05 10:55:32','0',3157893831),(653,18,3331,'繟然而善谋：坦然而善于谋划',1,'2016-12-05 10:55:59','2016-12-05 10:55:59','0',3542653023),(654,18,3337,'天网恢恢：天道就像一张大网',1,'2016-12-05 10:56:40','2016-12-05 10:56:40','0',2799056560),(655,18,3342,'疏而不失：虽然有疏漏，但是包罗一切',1,'2016-12-05 10:57:33','2016-12-05 10:57:33','0',2740750134),(656,18,3329,'繟：chan3，舒缓',1,'2016-12-05 10:58:29','2016-12-05 10:58:29','0',2570058056),(657,18,3375,'而为奇者：对于为非作歹的人',1,'2016-12-05 10:59:32','2016-12-05 10:59:32','0',2548587695),(658,18,3381,'执而杀之：把他抓来杀掉',1,'2016-12-05 11:00:07','2016-12-05 11:00:07','0',2823592933),(659,18,3386,'孰敢：谁还敢为非作歹',1,'2016-12-05 11:00:31','2016-12-05 11:00:31','0',2722009283),(660,18,3394,'司杀者杀：掌管杀人的人杀人',1,'2016-12-05 11:01:10','2016-12-05 11:01:10','0',2695660804),(661,18,3398,'代：代替',1,'2016-12-05 11:02:03','2016-12-05 11:02:03','0',4042626537),(662,18,3409,'斫：坎木头',1,'2016-12-05 11:02:33','2016-12-05 11:02:33','0',1075882165),(663,18,3409,'斫：zhuo2',1,'2016-12-05 11:03:02','2016-12-05 11:03:02','0',988000378),(664,18,3421,'希有不伤其手：很少有不伤害自己手的',1,'2016-12-05 11:03:37','2016-12-05 11:03:37','0',3280012883),(665,18,3442,'以其上食税之多：因为统治者贪吃赋税太多',1,'2016-12-05 11:04:37','2016-12-05 11:04:37','0',395463407),(666,18,3475,'轻死：轻生冒死',1,'2016-12-05 11:05:19','2016-12-05 11:05:19','0',2422795311),(667,18,3482,'求生之厚：生活奢侈',1,'2016-12-05 11:05:52','2016-12-05 11:05:52','0',461673446),(668,18,3496,'唯无以生为者：只有不过分追求享受的人',1,'2016-12-05 11:06:38','2016-12-05 11:06:38','0',2210237299),(669,18,3502,'是贤于贵生：比过分追求自我享受的人贤明',1,'2016-12-05 11:07:39','2016-12-05 11:07:39','0',1912147726),(670,18,3518,'人之生也柔弱：人生的时候身体柔弱',1,'2016-12-05 11:15:32','2016-12-05 11:15:32','0',1702033963),(671,18,3526,'坚强：坚硬',1,'2016-12-05 11:15:44','2016-12-05 11:15:44','0',3737822712),(672,18,3552,'徒：一类',1,'2016-12-05 11:18:04','2016-12-05 11:18:04','0',30770372),(673,18,3603,'其犹张弓欤：就像张弓射箭',1,'2016-12-05 11:19:04','2016-12-05 11:19:04','0',4247235247),(674,18,3604,'欤：yu2，语气词',1,'2016-12-05 11:19:52','2016-12-05 11:19:52','0',935050519),(675,18,3608,'高者抑之：弦拉高了，把他拉低一点',1,'2016-12-05 11:21:25','2016-12-05 11:21:25','0',821929444),(676,18,3613,'下者举之：低了就把它举高一点',1,'2016-12-05 11:22:33','2016-12-05 11:22:33','0',1608378446),(677,18,3618,'有馀者损之：拉满了就放松一些',1,'2016-12-05 11:22:59','2016-12-05 11:22:59','0',1251103822),(678,18,3625,'不足者补之：拉的不够就补一些',1,'2016-12-05 11:23:28','2016-12-05 11:23:28','0',3643961044),(679,18,3654,'损不足以奉有馀：损伤不足的来侍奉有余的',1,'2016-12-05 11:25:17','2016-12-05 11:25:17','0',1468847497),(680,18,3663,'孰能有馀以奉天下：谁能把多余的奉献给天下',1,'2016-12-05 11:26:01','2016-12-05 11:26:01','0',2280706421),(681,18,3694,'其不欲见贤：他不喜欢别人称自己为圣贤',1,'2016-12-05 11:27:06','2016-12-05 11:27:06','0',4001638990),(682,18,3727,'无以易之：没有什么可以改变它',1,'2016-12-05 11:27:55','2016-12-05 11:27:55','0',1303676580),(683,18,3746,'天下莫不知：天下没有人不知道',1,'2016-12-05 11:28:26','2016-12-05 11:28:26','0',1069057353),(684,18,3751,'莫能行：却没有人施行',1,'2016-12-05 11:28:45','2016-12-05 11:28:45','0',3666388711),(685,18,3763,'受国之垢：承受国家的屈辱',1,'2016-12-05 11:29:17','2016-12-05 11:29:17','0',1329700054),(686,18,3786,'正言若反：正的话就好像反话一样',1,'2016-12-05 11:30:11','2016-12-05 11:30:11','0',933056751),(687,18,3800,'和大怨：和解大的怨恨',1,'2016-12-05 11:30:59','2016-12-05 11:30:59','0',2834741036),(688,18,3805,'必有馀怨：必然还会残留下小的怨恨',1,'2016-12-05 11:31:47','2016-12-05 11:31:47','0',2491560191),(689,18,3810,'报怨以德：用德来报答怨恨',1,'2016-12-05 11:32:37','2016-12-05 11:32:37','0',1523995679),(690,18,3815,'安可以为善：怎么能算妥善的办法',1,'2016-12-05 11:33:09','2016-12-05 11:33:09','0',4198922028),(691,18,3826,'执左契：持有有利的契约',1,'2016-12-05 11:34:21','2016-12-05 11:34:21','0',1878358002),(692,18,3832,'而不责于人：也不会强迫别人还债',1,'2016-12-05 11:34:47','2016-12-05 11:34:47','0',298885020),(693,18,3837,'有德司契：有德的人只会用契约来明确责任',1,'2016-12-05 11:35:42','2016-12-05 11:35:42','0',2489124485),(694,18,3842,'无德司彻：无德的人只会用契约来压迫对方',1,'2016-12-05 11:36:14','2016-12-05 11:36:14','0',4258965850),(695,18,3849,'天道无亲：天道无私心',1,'2016-12-05 11:36:44','2016-12-05 11:36:44','0',1299358269),(696,18,3853,'常与善人：善良的人永远与天道同行',1,'2016-12-05 11:38:30','2016-12-05 11:38:30','0',3693827979),(697,18,3867,'小国寡民：国家很小，人民很少',1,'2016-12-05 11:39:52','2016-12-05 11:39:52','0',3951969531),(698,18,3867,'在此老子构想了一个美好的社会',1,'2016-12-05 11:40:25','2016-12-05 11:40:25','0',643554157),(699,18,3874,'什伯之器：各种各样的器具',1,'2016-12-05 11:41:17','2016-12-05 11:41:17','0',3515115717),(700,18,3913,'民复结绳而用之：人民回到结绳记事的远古时代',1,'2016-12-05 11:42:34','2016-12-05 11:42:34','0',3505197954),(701,18,3921,'甘其食：人民吃的香甜',1,'2016-12-05 11:43:16','2016-12-05 11:43:16','0',686414017),(702,18,3926,'美其服：穿着漂亮',1,'2016-12-05 11:43:38','2016-12-05 11:43:38','0',4003504265),(703,18,3938,'邻国相望：相邻的国家可以互相看的见',1,'2016-12-05 11:44:34','2016-12-05 11:44:34','0',1060277972),(704,18,3944,'鸡犬之声相闻：鸡鸣狗叫之声都可以互相听见',1,'2016-12-05 11:45:12','2016-12-05 11:45:12','0',1067523497),(705,18,3950,'民至老死：人民从生到死',1,'2016-12-05 11:45:46','2016-12-05 11:45:46','0',3098459373),(706,18,3955,'不相往来：不互相来往',1,'2016-12-05 11:45:59','2016-12-05 11:45:59','0',1807430043),(707,18,3968,'信言不美：真实的话不中听',1,'2016-12-05 11:46:26','2016-12-05 11:46:26','0',1429215157),(708,18,3980,'善者不辩：善良的人不狡辩',1,'2016-12-05 11:46:54','2016-12-05 11:46:54','0',2746045412),(709,18,3993,'知者不博：智者不卖弄知识',1,'2016-12-05 11:47:22','2016-12-05 11:47:22','0',1251439062),(710,18,4005,'圣人不积：圣人不积累财富',1,'2016-12-05 11:47:53','2016-12-05 11:47:53','0',1502468975),(711,18,4010,'既以为人：而是尽力帮助他人',1,'2016-12-05 11:48:53','2016-12-05 11:48:53','0',2156718626),(712,18,4013,'己愈有：自己变的更充实',1,'2016-12-05 11:49:21','2016-12-05 11:49:21','0',2585596889),(713,18,4032,'利而不害：有利于万物而不妨害万物',1,'2016-12-05 11:50:04','2016-12-05 11:50:04','0',1900948244),(714,18,4042,'为而不争：默默奉献，永不与人争夺',1,'2016-12-05 11:51:29','2016-12-05 11:51:29','0',3521965899),(715,21,8,'子曰：孔子说',0,'2016-12-18 13:48:42','2016-12-18 13:48:42','0',130556626),(716,21,9,'曰：读音 yue3，说的意思',0,'2016-12-18 13:49:44','2016-12-18 13:49:44','0',2395892973),(717,31,15,'三重茅：几层茅草',0,'2016-12-18 14:02:09','2016-12-18 14:02:09','0',3793313722),(718,31,5,'秋高：深秋',0,'2016-12-18 14:05:11','2016-12-18 14:05:11','0',651544036),(719,31,29,'挂罥：挂着',0,'2016-12-18 14:05:57','2016-12-18 14:05:57','0',780950246),(720,31,29,'罥：juan4',0,'2016-12-18 14:06:25','2016-12-18 14:06:25','0',2916535063),(721,31,40,'坳：ao4，水边低地',0,'2016-12-18 14:07:09','2016-12-18 14:07:09','0',309830071),(722,31,57,'忍能对面为盗贼：竟忍心当面做盗贼',0,'2016-12-18 14:08:06','2016-12-18 14:08:06','0',3019593568),(723,31,67,'入竹去：跑进竹林',0,'2016-12-18 14:08:49','2016-12-18 14:08:49','0',681937548),(724,31,75,'呼不得：喝止不住',0,'2016-12-18 14:09:30','2016-12-18 14:09:30','0',937293169),(725,31,89,'俄顷：不一会儿',0,'2016-12-18 14:09:54','2016-12-18 14:09:54','0',1826052558),(726,31,105,'衾：qin1,被子',0,'2016-12-18 14:10:41','2016-12-18 14:10:41','0',1736758083),(727,31,113,'娇儿：小孩子',0,'2016-12-18 14:11:12','2016-12-18 14:11:12','0',3879367046),(728,31,115,'恶卧：睡相不好',0,'2016-12-18 14:11:39','2016-12-18 14:11:39','0',836084605),(729,31,117,'踏里裂：把被子蹬破了',0,'2016-12-18 14:12:09','2016-12-18 14:12:09','0',1603239956),(730,31,131,'雨脚如麻未断绝：雨点不间断，像麻线一样，根本挺不下来',0,'2016-12-18 14:13:51','2016-12-18 14:13:51','0',224724400),(731,31,139,'丧乱：指安史之乱',0,'2016-12-18 14:15:12','2016-12-18 14:15:12','0',3018190916),(732,31,145,'长夜：一整夜',0,'2016-12-18 14:15:55','2016-12-18 14:15:55','0',3460301696),(733,31,150,'何由彻：如何才能挨到天亮',0,'2016-12-18 14:16:51','2016-12-18 14:16:51','0',4232617013),(734,31,157,'安得广厦千万间：怎样才能得到千万间宽敞的大屋子',0,'2016-12-18 14:18:14','2016-12-18 14:18:14','0',730478604),(735,31,167,'寒士：贫寒的士人。',0,'2016-12-18 14:19:53','2016-12-18 14:19:53','0',1835605722),(736,31,188,'突兀：突然',0,'2016-12-18 14:20:26','2016-12-18 14:20:26','0',187676818),(737,31,189,'见：xian4，通假字，现。出现的意思',0,'2016-12-18 14:21:39','2016-12-18 14:21:39','0',1324796112),(738,31,197,'吾庐独破受冻死亦足:唯独我的茅庐是破的，被冻死也心甘情愿。\n诗人忧国忧民，先人后己的崇高理想值得尊敬。',0,'2016-12-18 14:27:11','2016-12-18 14:27:11','0',1857811775),(739,30,4,'寻寻觅觅：表示想把失去的东西找回来的那种迷茫失落心态',0,'2016-12-18 14:29:38','2016-12-18 14:29:38','0',2401961707),(740,30,15,'凄凄惨惨戚戚：忧愁苦闷的样子',0,'2016-12-18 14:30:02','2016-12-18 14:30:02','0',1268670318),(741,30,20,'乍暖还寒：忽然变暖，马上又转凉',0,'2016-12-18 14:31:29','2016-12-18 14:31:29','0',4092354258),(742,30,29,'将息：休息调理',0,'2016-12-18 14:31:55','2016-12-18 14:31:55','0',1527258846),(743,30,40,'怎敌他晚来风急：怎么抵挡傍晚吹来的冷风',0,'2016-12-18 14:33:24','2016-12-18 14:33:24','0',262243086),(744,30,90,'独自怎生得黑：独自一人熬到天黑',0,'2016-12-18 14:35:15','2016-12-18 14:35:15','0',200437141),(745,30,112,'这次第：此景此情',0,'2016-12-18 14:36:00','2016-12-18 14:36:00','0',3534665016),(746,29,15,'落叶聚还散：风中落叶时聚时散',0,'2016-12-18 14:38:01','2016-12-18 14:38:01','0',2711627045),(747,29,15,'还：huan2',0,'2016-12-18 14:38:21','2016-12-18 14:38:21','0',1980120636),(748,29,20,'寒鸦栖复惊：寒鸦本以栖息，又被明月惊起',0,'2016-12-18 14:39:48','2016-12-18 14:39:48','0',3145719726),(749,29,31,'相见知何日：不知何日相见',0,'2016-12-18 14:41:22','2016-12-18 14:41:22','0',3749274331),(750,29,58,'长：永恒',0,'2016-12-18 14:42:04','2016-12-18 14:42:04','0',3486562202),(751,29,66,'短：短暂',0,'2016-12-18 14:42:35','2016-12-18 14:42:35','0',3164502774),(752,29,71,'无穷极：永无止境',0,'2016-12-18 14:42:58','2016-12-18 14:42:58','0',3791979029),(753,31,137,'自经：自从',0,'2016-12-18 14:44:36','2016-12-18 14:44:36','0',3675029366),(754,26,13,'行深：深入修行',0,'2016-12-22 21:10:28','2016-12-22 21:10:28','0',1088434562),(755,26,17,'般若波罗蜜：心经，也称为版若波罗蜜经',0,'2016-12-22 21:11:33','2016-12-22 21:11:33','0',4163923511),(756,26,23,'照见五阴空：看到五阴都是空的',0,'2016-12-22 21:14:24','2016-12-22 21:14:24','0',4256772658),(757,26,24,'五阴：指 形象，情欲，意念，行为，心灵',0,'2016-12-22 21:15:10','2016-12-22 21:15:10','0',3942643784),(758,26,29,'度一切苦厄：就将一切苦难置身度外',0,'2016-12-22 21:16:36','2016-12-22 21:16:36','0',2821077567),(759,26,37,'色：形象',0,'2016-12-22 21:23:51','2016-12-22 21:23:51','0',785341762),(760,26,46,'受：情欲',0,'2016-12-22 21:24:44','2016-12-22 21:24:44','0',630046077),(761,26,55,'想：意念',0,'2016-12-22 21:25:08','2016-12-22 21:25:08','0',1055852796),(762,26,63,'行：行为',0,'2016-12-22 21:25:26','2016-12-22 21:25:26','0',1869921226),(763,26,71,'识：心灵',0,'2016-12-22 21:25:42','2016-12-22 21:25:42','0',2372928540),(764,26,35,'舍利子：佛弟子的名字',0,'2016-12-22 21:27:57','2016-12-22 21:27:57','0',87216948),(765,26,34,'舍利弗：佛对舍利子说',0,'2016-12-22 21:28:19','2016-12-22 21:28:19','0',2514424074),(766,26,87,'非色异空：形象与空间无异',0,'2016-12-22 21:33:07','2016-12-22 21:33:07','0',5326306),(767,26,93,'非空异色：空间与形象无异',0,'2016-12-22 21:33:25','2016-12-22 21:33:25','0',1664322966),(768,26,98,'色即是空：形象就说空间',0,'2016-12-22 21:33:43','2016-12-22 21:33:43','0',2551927137),(769,26,103,'空即是色：空间就是形象',0,'2016-12-22 21:34:00','2016-12-22 21:34:00','0',1879489222),(770,26,125,'是诸法空相：一切法则都是空的',0,'2016-12-22 21:34:56','2016-12-22 21:34:56','0',1120440826),(771,26,87,'下面这一段意为  五蕴和空并没有区别',0,'2016-12-22 21:36:21','2016-12-22 21:36:21','0',205866553),(772,26,200,'无眼界：没有眼睛能看到边界',0,'2016-12-22 21:37:52','2016-12-22 21:37:52','0',1395148811),(773,26,206,'乃至无意识界：甚至没有心灵能感受到的界限',0,'2016-12-22 21:38:46','2016-12-22 21:38:46','0',2439323676),(774,26,211,'无无明：没有不能了解的',0,'2016-12-22 21:39:21','2016-12-22 21:39:21','0',2999194397),(775,26,216,'亦无无明尽：也没有不能了解的尽头',0,'2016-12-22 21:40:03','2016-12-22 21:40:03','0',2346577057),(776,26,222,'乃至无老死：直到没有老和死',0,'2016-12-22 21:40:41','2016-12-22 21:40:41','0',1970432315),(777,26,228,'亦无老死尽：也没有老和死的尽头',0,'2016-12-22 21:41:05','2016-12-22 21:41:05','0',1186757295),(778,26,234,'苦集：繁多的痛苦',0,'2016-12-22 21:42:09','2016-12-22 21:42:09','0',1797897385),(779,26,236,'灭道：修道的幻灭',0,'2016-12-22 21:42:34','2016-12-22 21:42:34','0',4181459706),(780,26,241,'无智亦无得：不用心智去强求',0,'2016-12-22 21:43:04','2016-12-22 21:43:04','0',3886754615),(781,26,246,'以无所得故：所以得道与否并不重要',0,'2016-12-22 21:44:13','2016-12-22 21:44:13','0',2527839367),(782,26,262,'心无挂碍：心中无挂碍',0,'2016-12-22 21:45:14','2016-12-22 21:45:14','0',1846567317),(783,26,267,'无挂碍故：正因为心中无挂碍',0,'2016-12-22 21:45:33','2016-12-22 21:45:33','0',3386970413),(784,26,272,'无有恐怖：没有恐惧',0,'2016-12-22 21:46:12','2016-12-22 21:46:12','0',1541326461),(785,26,279,'离颠倒梦想苦恼：梦想不能实现也不会苦恼',0,'2016-12-22 21:47:43','2016-12-22 21:47:43','0',2870245286),(786,26,285,'究竟涅盘：最后到达彼岸',0,'2016-12-22 21:48:30','2016-12-22 21:48:30','0',1103583995),(787,26,290,'三世诸佛：过去，现在，未来的诸位佛',0,'2016-12-22 21:49:24','2016-12-22 21:49:24','0',688808030),(788,26,303,'耨：读nuo4',0,'2016-12-22 21:50:09','2016-12-22 21:50:09','0',4084090911),(789,26,305,'阿耨多罗三藐三菩提：无上，正宗，正觉的佛果',0,'2016-12-22 21:51:22','2016-12-22 21:51:22','0',1701979482),(790,26,322,'大明咒：神光普照的咒语',0,'2016-12-22 21:52:25','2016-12-22 21:52:25','0',943163404),(791,26,325,'无上明咒：无上的咒语',0,'2016-12-22 21:52:45','2016-12-22 21:52:45','0',1751117126),(792,26,332,'无等等明咒：最高等的咒语',0,'2016-12-22 21:53:17','2016-12-22 21:53:17','0',1517403741),(793,26,343,'真实不虚：真实不虚假',0,'2016-12-22 21:53:37','2016-12-22 21:53:37','0',3054674673),(794,26,363,'竭帝竭帝：去吧去吧',0,'2016-12-22 21:54:04','2016-12-22 21:54:04','0',2304370225),(795,26,368,'波罗竭帝：到彼岸去吧',0,'2016-12-22 21:54:23','2016-12-22 21:54:23','0',1280808856),(796,26,374,'波罗僧竭帝：大家快去彼岸',0,'2016-12-22 21:54:53','2016-12-22 21:54:53','0',300959819),(797,26,380,'菩提僧莎呵：修成正果',0,'2016-12-22 21:55:23','2016-12-22 21:55:23','0',2214475117);
/*!40000 ALTER TABLE `bookopinion` ENABLE KEYS */;
UNLOCK TABLES;

--
-- Table structure for table `userinfo`
--

DROP TABLE IF EXISTS `userinfo`;
/*!40101 SET @saved_cs_client     = @@character_set_client */;
/*!40101 SET character_set_client = utf8 */;
CREATE TABLE `userinfo` (
  `id` varchar(10) NOT NULL,
  `passwd` varchar(32) NOT NULL,
  `create_time` datetime DEFAULT CURRENT_TIMESTAMP,
  PRIMARY KEY (`id`)
) ENGINE=InnoDB DEFAULT CHARSET=utf8;
/*!40101 SET character_set_client = @saved_cs_client */;

--
-- Dumping data for table `userinfo`
--

LOCK TABLES `userinfo` WRITE;
/*!40000 ALTER TABLE `userinfo` DISABLE KEYS */;
INSERT INTO `userinfo` VALUES ('0','kgsDuu0Zka+11162','2016-11-27 15:58:16'),('leifeng000','vip_test001?','2016-11-29 21:05:30');
/*!40000 ALTER TABLE `userinfo` ENABLE KEYS */;
UNLOCK TABLES;
/*!40103 SET TIME_ZONE=@OLD_TIME_ZONE */;

/*!40101 SET SQL_MODE=@OLD_SQL_MODE */;
/*!40014 SET FOREIGN_KEY_CHECKS=@OLD_FOREIGN_KEY_CHECKS */;
/*!40014 SET UNIQUE_CHECKS=@OLD_UNIQUE_CHECKS */;
/*!40101 SET CHARACTER_SET_CLIENT=@OLD_CHARACTER_SET_CLIENT */;
/*!40101 SET CHARACTER_SET_RESULTS=@OLD_CHARACTER_SET_RESULTS */;
/*!40101 SET COLLATION_CONNECTION=@OLD_COLLATION_CONNECTION */;
/*!40111 SET SQL_NOTES=@OLD_SQL_NOTES */;

-- Dump completed on 2016-12-23 13:34:42
